	author	title	link	img_src	price	year	price_extracted	surname	title_extracted	nach_Titel_Autor_ppn	nach_Titel_Autor_medium	nach_Titel_Autor_Bestand_K10	nach_title_extracted_surname_Ort_Göttingen	nach_title_extracted_surname_Medium_Göttingen	nach_title_extracted_surname_URL_GUK	nach_title_extracted_surname_Bestand_Göttingen
0	Zürich 2017.	Loriot. Durchs Jahr mit Loriot.	https://www.froelichundkaufmann.de/aktueller-newsletter/loriot-durchs-jahr-mit-loriot.html?force_sid=12dkq0duit6vrmatnilvdbq35o	https://www.froelichundkaufmann.de/out/pictures/generated/product/1/390_245_80/loriot-durchs-jahr-mit-loriot_1331710.jpg	12,00 €	2017.0	12.0		Loriot	1776110935|1755884478|1755660456|1755460775|1744601356|1744601038|1744600317|1744600228|1744597502|1744597499|1744597103|1744592942|1743191308|1738333469|1695744489|1686796323|168679438X|1686793863|1686791267|1686790414|1686789971|1686789920|1686788401|1686788126|1734500492|1678269719|1676011528|1671812204|1049168402|1046902806|1046899880|1046899635|1046887181|1046886800|1046886622|1046885448|1039219314|1733779515|1039230482|102239830X|1019200693|1015038182|1010693557|1005401357|1005400210|1702881393|1020538430|1010332856|891206906|889135924|889134936|87308537X|873085272|873084853|873083660|1684503345|1657963403|162050569X|1549646478|1010741918|869773526|857710346|856493287|846284308|842273700|867550015|83230459X|812531132|1673525520|1612367968|1600560261|805659587|798184906|796705453|1669708691|165673589X|1609489624|160788075X|1543479901|1464881472|1044678992|784636001|777427168|776915525|773976264|772177740|77200143X|770673848|753236834|749534265|746113048|735139946|1766835740|1652956026|160444083X|1601870299|1505287146|1448112400|736322442|729777707	Aax|Oax|Aax|Aau|Aax|Aax|Aax|Aax|Aax|Aax|Aax|Aax|Asu|Bau|Aau|Aax|Aax|Aax|Aax|Aax|Aax|Aax|Aax|Aax|Lax|Aax|Asu|Aau|Aax|Aax|Aax|Aax|Aax|Aax|Aax|Aax|Aax|Aau|Aax|Aax|Aau|Aax|Aax|Aau|Aau|Aau|Oau|Aau|Aax|Aax|Aau|Aau|Aau|Aau|Aau|Asn|Oan|Aau|Bau|Aau|Aau|Aax|Oax|Aax|Aau|Oau|Aau|Aau|Oax|Aau|Bau|Aau|Bau|Osu|Oax|Oan|Aau|Aau|Ban|Bau|Asn|Aau|Aau|Bau|Bau|Aau|Bax|Aau|Aau|Baa|Aau|Aau|Asn|Oan|Aau|Aau|Aau|Osx|Aau|Bau	118.0			"https://opac.sub.uni-goettingen.de/DB=1/SET=2/TTL=1/CMD?ACT=SRCHA&IKT=1016&SRT=YOP&TRM=TIT""Loriot"" and PER &MATCFILTER=N&MATCSET=N&NOSCAN=N&ADI_BIB="	
1	Von Rebecca Seal. München 2017.	Lissabon. Rezepte aus dem Herzen Portugals.	https://www.froelichundkaufmann.de/aktueller-newsletter/lissabon-rezepte-aus-dem-herzen-portugals.html?force_sid=12dkq0duit6vrmatnilvdbq35o	https://www.froelichundkaufmann.de/out/pictures/generated/product/1/390_245_80/lissabon-rezepte-aus-dem-herzen-portugals_1329480.jpg	nur 9,95 €	2017.0	9.95	Seal	Lissabon	898658616	Aau	4.0			"https://opac.sub.uni-goettingen.de/DB=1/SET=2/TTL=1/CMD?ACT=SRCHA&IKT=1016&SRT=YOP&TRM=TIT""Lissabon"" and PER Seal&MATCFILTER=N&MATCSET=N&NOSCAN=N&ADI_BIB="	0
2	Von Hans-Jörg Wilke. Rangsdorf 2018.	Die Geschichte der Tierillustration in Deutschland 1850-1950.	https://www.froelichundkaufmann.de/aktueller-newsletter/die-geschichte-der-tierillustration-in-deutschland-1850-1950.html?force_sid=12dkq0duit6vrmatnilvdbq35o	https://www.froelichundkaufmann.de/out/pictures/generated/product/1/390_245_80/die-geschichte-der-tierillustration-in-deutschland-1850-1950_1323482.jpg	nur 78,00 €	2018.0	78.0	Wilke	Die Geschichte der Tierillustration in Deutschland 1850-1950	1018561226	Aau	19.0	BBF : MAG	Aau	"https://opac.sub.uni-goettingen.de/DB=1/SET=2/TTL=1/CMD?ACT=SRCHA&IKT=1016&SRT=YOP&TRM=TIT""Die Geschichte der Tierillustration in Deutschland 1850-1950"" and PER Wilke&MATCFILTER=N&MATCSET=N&NOSCAN=N&ADI_BIB="	1
3	Leipzig 2021.	Über die Dreistigkeit, über den Argwohn und über die Prahlerei. Die gesammelten Essays. Mit 30 ...	https://www.froelichundkaufmann.de/aktueller-newsletter/ueber-die-dreistigkeit-ueber-den-argwohn-und-ueber-die-prahlerei-die-gesammelten-essays-mit-30-farbigen-collagen-von-sighard-gille-signierte-originalradierung-von-sighard-gille.html?force_sid=12dkq0duit6vrmatnilvdbq35o	https://www.froelichundkaufmann.de/out/pictures/generated/product/1/390_245_80/ueber-die-dreistigkeitueber-den-argwohn-und-ueber-die-prahle_1318535.jpg	190,00 €	2021.0	190.0		Über die Dreistigkeit	1760161969|1760161861	Aax|Aaa	1.0			"https://opac.sub.uni-goettingen.de/DB=1/SET=2/TTL=1/CMD?ACT=SRCHA&IKT=1016&SRT=YOP&TRM=TIT""Über die Dreistigkeit"" and PER &MATCFILTER=N&MATCSET=N&NOSCAN=N&ADI_BIB="	
4	Von Klaus Honnef. Hg. Frank Darchinger. Köln 2021.	Josef Heinrich Darchinger. Wirtschaftswunder.	https://www.froelichundkaufmann.de/aktueller-newsletter/josef-heinrich-darchinger-wirtschaftswunder.html?force_sid=12dkq0duit6vrmatnilvdbq35o	https://www.froelichundkaufmann.de/out/pictures/generated/product/1/390_245_80/josef-heinrich-darchinger-wirtschaftswunder_1316494.jpg	40,00 €	2021.0	40.0	Honnef	Josef Heinrich Darchinger	1761670824	Aax	1.0			"https://opac.sub.uni-goettingen.de/DB=1/SET=2/TTL=1/CMD?ACT=SRCHA&IKT=1016&SRT=YOP&TRM=TIT""Josef Heinrich Darchinger"" and PER Honnef&MATCFILTER=N&MATCSET=N&NOSCAN=N&ADI_BIB="	0
5	Gosen-Neu Zittau 2019.	Der kleine Maulwurf. Was hörst du da? Soundbuch.	https://www.froelichundkaufmann.de/aktueller-newsletter/der-kleine-maulwurf-was-hoerst-du-da-soundbuch.html?force_sid=12dkq0duit6vrmatnilvdbq35o	https://www.froelichundkaufmann.de/out/pictures/generated/product/1/390_245_80/der-kleine-maulwurf-was-hoerst-du-dasoundbuch_1313320.jpg	14,95 €	2019.0	14.95		Der kleine Maulwurf	1776114167|1758002565|1758002034|1758001615|1758000481|1757999817|1742521835|1742521258|175734859X|1742539270|1703204344|1699253889|1698206038|1698205694|1698205570|1698203047|1685227104|1685226493|1685224628|1769578137|1668557541|1665757884|1043321438|1730495257|1583801995|1583801863|1583800980|1049189280|1047733951|1040612466|1034706519|1034706403|1032267712|1026759749|1024124118|1024123855|1020070986|1011759136|1008898767|1008892432|1736691651|101621524X|1006447814|898817803|890827524|890827435|890826374|890347689|885602080|885601076|885599896|881214310|87499425X|874993261|1767874014|1631223534|878900098|845419854|842657096|842297537|1754774806|1619278448|823739988|163124339X|1686654723|1604774061|1615780858|1435248503|1435247353|718338804|682270741|726476412|644249544|631583882|1617187216|863634850|584365543|550045155|546188168|493556451|382765117|366252429|360636055|349783462|1620641712|1619725193|335946518|332538044|143257986X|337465800|597542937|558975089|070827346|1608024415|1745308040|1625393490|1614821887|1465213171|1465212922|1601965494	Aax|Aax|Aax|Aax|Aax|Aax|Aax|Aax|Aax|Aax|Aax|Aax|Aax|Aax|Aax|Aax|Aax|Aax|Aax|BFu|Aax|Aax|Aax|BFu|BFu|BFu|Bcu|Aax|Aax|Aau|Bau|Bau|Aax|Aax|Aax|Aax|Aax|Aax|Aax|Aau|AFu|Aau|Aax|Aax|Aax|Aax|Aax|Aax|Aau|Aax|Aax|Aau|Aax|Aax|Aax|Aau|AFu|Aax|Aau|Aau|Aan|Aau|Aau|Aau|Vau|Aau|Aau|Bfu|Afu|Aax|Aau|Aau|Aau|Aau|Aau|BFu|Aau|Bcu|Aau|Aau|Bau|Aau|Aau|Aau|Aau|Aau|Aau|Aau|Zcu|Aax|Abv|Bau|Aan|Aau|Bau|Aau|Aau|Bfr|Bfr|Aau	21.0			"https://opac.sub.uni-goettingen.de/DB=1/SET=2/TTL=1/CMD?ACT=SRCHA&IKT=1016&SRT=YOP&TRM=TIT""Der kleine Maulwurf"" and PER &MATCFILTER=N&MATCSET=N&NOSCAN=N&ADI_BIB="	
6	Von Pat Murphy. Stuttgart 2018.	LEGO® Kettenreaktionen: Bau dir 10 bewegliche Maschinen.	https://www.froelichundkaufmann.de/aktueller-newsletter/lego-kettenreaktionen-bau-dir-10-bewegliche-maschinen.html?force_sid=12dkq0duit6vrmatnilvdbq35o	https://www.froelichundkaufmann.de/out/pictures/generated/product/1/390_245_80/legokettenreaktionenbaue-dir-10-bewegliche-maschinen_1186736.jpg	19,99 €	2018.0	19.99	Murphy	LEGO® Kettenreaktionen	164483118X	Aau	1.0			"https://opac.sub.uni-goettingen.de/DB=1/SET=2/TTL=1/CMD?ACT=SRCHA&IKT=1016&SRT=YOP&TRM=TIT""LEGO® Kettenreaktionen"" and PER Murphy&MATCFILTER=N&MATCSET=N&NOSCAN=N&ADI_BIB="	0
7	Hg. Ulf Küster. Katalog, Fondation Beyeler, Riehen / Basel 2020.	Edward Hopper. Landschaft neu gesehen.	https://www.froelichundkaufmann.de/aktueller-newsletter/edward-hopper-landschaft-neu-gesehen.html?force_sid=12dkq0duit6vrmatnilvdbq35o	https://www.froelichundkaufmann.de/out/pictures/generated/product/1/390_245_80/edward-hopperlandschaft-neu-gesehen_1178156.jpg	Sonderausgabe** 24,95 €	2020.0	24.95	Küster	Edward Hopper	1765510406|1691852198|1679510207|167950942X|1679508741|1679504924	Aax|Lax|Aau|Aax|Aau|Aau	37.0			"https://opac.sub.uni-goettingen.de/DB=1/SET=2/TTL=1/CMD?ACT=SRCHA&IKT=1016&SRT=YOP&TRM=TIT""Edward Hopper"" and PER Küster&MATCFILTER=N&MATCSET=N&NOSCAN=N&ADI_BIB="	0
8	Hg. Freddie Röckenhaus. Hamburg 2018.	Russland von oben.	https://www.froelichundkaufmann.de/aktueller-newsletter/russland-von-oben.html?force_sid=12dkq0duit6vrmatnilvdbq35o	https://www.froelichundkaufmann.de/out/pictures/generated/product/1/390_245_80/russland-von-oben_1176480.jpg	nur 9,99 €	2018.0	9.99	Röckenhaus	Russland von oben	1685383092|1663039852|1020902485	Bau|Bau|Aau	10.0			"https://opac.sub.uni-goettingen.de/DB=1/SET=2/TTL=1/CMD?ACT=SRCHA&IKT=1016&SRT=YOP&TRM=TIT""Russland von oben"" and PER Röckenhaus&MATCFILTER=N&MATCSET=N&NOSCAN=N&ADI_BIB="	0
9	Von Claude Gauvard. München 2019.	Notre-Dame de Paris. Der Bildband zur bekanntesten gotischen Kathedrale der Welt.	https://www.froelichundkaufmann.de/aktueller-newsletter/notre-dame-de-paris-der-bildband-zur-bekanntesten-gotischen-kathedrale-der-welt.html?force_sid=12dkq0duit6vrmatnilvdbq35o	https://www.froelichundkaufmann.de/out/pictures/generated/product/1/390_245_80/notre-dame-de-parisder-bildband-zur-bekanntesten-gotischen-k_1165879.jpg	nur 9,95 €	2019.0	9.95	Gauvard	Notre-Dame de Paris	1700508458|1670010236|1642687472|858719851|168108547X|632930683	Aax|Aau|Aau|Aau|Lax|Aau	17.0			"https://opac.sub.uni-goettingen.de/DB=1/SET=2/TTL=1/CMD?ACT=SRCHA&IKT=1016&SRT=YOP&TRM=TIT""Notre-Dame de Paris"" and PER Gauvard&MATCFILTER=N&MATCSET=N&NOSCAN=N&ADI_BIB="	0
10	Von Chris Rainier. München 2019.	Masken. Gesichter und Mythen von den Enden der Welt.	https://www.froelichundkaufmann.de/aktueller-newsletter/masken-gesichter-und-mythen-von-den-enden-der-welt.html?force_sid=12dkq0duit6vrmatnilvdbq35o	https://www.froelichundkaufmann.de/out/pictures/generated/product/1/390_245_80/maskengesichter-und-mythen-von-den-enden-der-welt_1158147.jpg	vom Verlag reduziert 29,99 €	2019.0	29.99	Rainier	Masken	1685329586	Aau	5.0			"https://opac.sub.uni-goettingen.de/DB=1/SET=2/TTL=1/CMD?ACT=SRCHA&IKT=1016&SRT=YOP&TRM=TIT""Masken"" and PER Rainier&MATCFILTER=N&MATCSET=N&NOSCAN=N&ADI_BIB="	0
11	Illustriert von Karl Lagerfeld. Münster 2019.	Hans Christian Andersen. Des Kaisers neue Kleider.	https://www.froelichundkaufmann.de/aktueller-newsletter/hans-christian-andersen-des-kaisers-neue-kleider.html?force_sid=12dkq0duit6vrmatnilvdbq35o	https://www.froelichundkaufmann.de/out/pictures/generated/product/1/390_245_80/hans-christian-andersendes-kaisers-neue-kleider_1156233.jpg	nur 14,95 €	2019.0	14.95	Lagerfeld	Hans Christian Andersen	1742954871	Aan	1.0			"https://opac.sub.uni-goettingen.de/DB=1/SET=2/TTL=1/CMD?ACT=SRCHA&IKT=1016&SRT=YOP&TRM=TIT""Hans Christian Andersen"" and PER Lagerfeld&MATCFILTER=N&MATCSET=N&NOSCAN=N&ADI_BIB="	0
12	Von Hauke Friederichs. Berlin 2019.	Funkenflug. August 1939. Der Sommer, bevor der Krieg begann.	https://www.froelichundkaufmann.de/aktueller-newsletter/funkenflug-august-1939-der-sommer-bevor-der-krieg-begann.html?force_sid=12dkq0duit6vrmatnilvdbq35o	https://www.froelichundkaufmann.de/out/pictures/generated/product/1/390_245_80/funkenflugaugust-1939der-sommerbevor-der-krieg-begann_1152505.jpg	nur 9,95 €	2019.0	9.95	Friederichs	Funkenflug	1741127947|1733277854|1670707318|166491028X	Aau|Aax|Oax|Aau	23.0			"https://opac.sub.uni-goettingen.de/DB=1/SET=2/TTL=1/CMD?ACT=SRCHA&IKT=1016&SRT=YOP&TRM=TIT""Funkenflug"" and PER Friederichs&MATCFILTER=N&MATCSET=N&NOSCAN=N&ADI_BIB="	0
13	Hg. Stefan Geyer. Wiesbaden 2019.	Die Kunst des Gehens. Ein literarischer Wegbegleiter.	https://www.froelichundkaufmann.de/aktueller-newsletter/die-kunst-des-gehens-ein-literarischer-wegbegleiter.html?force_sid=12dkq0duit6vrmatnilvdbq35o	https://www.froelichundkaufmann.de/out/pictures/generated/product/1/390_245_80/die-kunst-des-gehensein-literarischer-wegbegleiter_1146050.jpg	nur 9,90 €	2019.0	9.9	Geyer	Die Kunst des Gehens	1727194896|1665651407	Oax|Aau	2.0			"https://opac.sub.uni-goettingen.de/DB=1/SET=2/TTL=1/CMD?ACT=SRCHA&IKT=1016&SRT=YOP&TRM=TIT""Die Kunst des Gehens"" and PER Geyer&MATCFILTER=N&MATCSET=N&NOSCAN=N&ADI_BIB="	0
14	Von Courtney Watson McCarthy. London 2019.	Leonardo Pop-Ups.	https://www.froelichundkaufmann.de/aktueller-newsletter/leonardo-pop-ups.html?force_sid=12dkq0duit6vrmatnilvdbq35o	https://www.froelichundkaufmann.de/out/pictures/generated/product/1/390_245_80/leonardo-pop-ups_1134191.jpg	nur 18,00 €	2019.0	18.0	McCarthy	Leonardo Pop-Ups						"https://opac.sub.uni-goettingen.de/DB=1/SET=2/TTL=1/CMD?ACT=SRCHA&IKT=1016&SRT=YOP&TRM=TIT""Leonardo Pop-Ups"" and PER McCarthy&MATCFILTER=N&MATCSET=N&NOSCAN=N&ADI_BIB="	0
15	Hg. Bastian Eclercy, u. a. Katalog, Städel Museum Frankfurt a. M. 2019.	Tizian und die Renaissance in Venedig.	https://www.froelichundkaufmann.de/aktueller-newsletter/tizian-und-die-renaissance-in-venedig.html?force_sid=12dkq0duit6vrmatnilvdbq35o	https://www.froelichundkaufmann.de/out/pictures/generated/product/1/390_245_80/tizian-und-die-renaissance-in-venedig_1110667.jpg	nur 19,95 €	2019.0	19.95	Eclercy	Tizian und die Renaissance in Venedig	1665774568|1040169333	Aau|Aau	37.0			"https://opac.sub.uni-goettingen.de/DB=1/SET=2/TTL=1/CMD?ACT=SRCHA&IKT=1016&SRT=YOP&TRM=TIT""Tizian und die Renaissance in Venedig"" and PER Eclercy&MATCFILTER=N&MATCSET=N&NOSCAN=N&ADI_BIB="	0
16	Von Udo Einenkel. München 2016.	Das Yoga-Kochbuch. Ayurveda, Rohkost, Vollwert, vegan, vegetarisch .	https://www.froelichundkaufmann.de/aktueller-newsletter/das-yoga-kochbuch-ayurveda-rohkost-vollwert-vegan-vegetarisch.html?force_sid=12dkq0duit6vrmatnilvdbq35o	https://www.froelichundkaufmann.de/out/pictures/generated/product/1/390_245_80/das-yoga-kochbuchayurvedarohkostvollwertveganvegetarisch_1106775.jpg	vom Verlag reduziert 9,95 €	2016.0	9.95	Einenkel	Das Yoga-Kochbuch	842269223	Aau	1.0			"https://opac.sub.uni-goettingen.de/DB=1/SET=2/TTL=1/CMD?ACT=SRCHA&IKT=1016&SRT=YOP&TRM=TIT""Das Yoga-Kochbuch"" and PER Einenkel&MATCFILTER=N&MATCSET=N&NOSCAN=N&ADI_BIB="	0
17	Von Peter & Beverly Pickford. München 2018.	Wildes Land.	https://www.froelichundkaufmann.de/aktueller-newsletter/wildes-land.html?force_sid=12dkq0duit6vrmatnilvdbq35o	https://www.froelichundkaufmann.de/out/pictures/generated/product/1/390_245_80/wildes-land_1075381.jpg	vom Verlag reduziert 29,99 €	2018.0	29.99	Pickford	Wildes Land	1019612959	Aau	3.0			"https://opac.sub.uni-goettingen.de/DB=1/SET=2/TTL=1/CMD?ACT=SRCHA&IKT=1016&SRT=YOP&TRM=TIT""Wildes Land"" and PER Pickford&MATCFILTER=N&MATCSET=N&NOSCAN=N&ADI_BIB="	0
18	Von Christoph Brachmann, Meinrad von Engelberg, Christian Freigang. Darmstadt ...	WBG Architekturgeschichte. 3 Bände.	https://www.froelichundkaufmann.de/aktueller-newsletter/wbg-architekturgeschichte-3-baende.html?force_sid=12dkq0duit6vrmatnilvdbq35o	https://www.froelichundkaufmann.de/out/pictures/generated/product/1/390_245_80/wbg-architekturgeschichte3-baende_1073206.jpg	Sonderausgabe** 25,00 €		25.0	Brachmann	WBG Architekturgeschichte	1682480593|1582460698|1031245715|1554447089|1461095271|747160716|1754592228	Oax|AFu|Afu|Afn|AFu|Afu|Aan	61.0	LS1|7/055	Afu	"https://opac.sub.uni-goettingen.de/DB=1/SET=2/TTL=1/CMD?ACT=SRCHA&IKT=1016&SRT=YOP&TRM=TIT""WBG Architekturgeschichte"" and PER Brachmann&MATCFILTER=N&MATCSET=N&NOSCAN=N&ADI_BIB="	2
19	Von Stefano Zuffi. Köln 2017.	Caravaggio. Meisterwerke im Detail.	https://www.froelichundkaufmann.de/aktueller-newsletter/caravaggio-meisterwerke-im-detail.html?force_sid=12dkq0duit6vrmatnilvdbq35o	https://www.froelichundkaufmann.de/out/pictures/generated/product/1/390_245_80/caravaggiomeisterwerke-im-detail_1018531.jpg	Sonderausgabe** 14,95 €	2017.0	14.95	Zuffi	Caravaggio	1745121242|1745121145|173834357X|1702090329|1671500644|1644313588|1629898767|1623838495|101473083X|1000683214|872792331|1616166800|1614069700|658420925|646326309|64169282X|1614776563|476165903|1611006112|337169799|1622807200	Aax|Aax|Aau|Aax|Aax|Aau|Aau|Aau|Aax|Aax|Aau|Aau|Aau|Aau|Aau|Aau|Aau|Aax|Aau|Aax|Aar	18.0			"https://opac.sub.uni-goettingen.de/DB=1/SET=2/TTL=1/CMD?ACT=SRCHA&IKT=1016&SRT=YOP&TRM=TIT""Caravaggio"" and PER Zuffi&MATCFILTER=N&MATCSET=N&NOSCAN=N&ADI_BIB="	0
20	Von Rayman Gill-Rai. München 2016.	Indien. Ein Fest für die Sinne.	https://www.froelichundkaufmann.de/aktueller-newsletter/indien-ein-fest-fuer-die-sinne.html?force_sid=12dkq0duit6vrmatnilvdbq35o	https://www.froelichundkaufmann.de/out/pictures/generated/product/1/390_245_80/indien-ein-fest-fuer-die-sinne_2862450.jpg	nur 14,95 €	2016.0	14.95	Gill-Rai	Indien	84226910X	Aax	1.0			"https://opac.sub.uni-goettingen.de/DB=1/SET=2/TTL=1/CMD?ACT=SRCHA&IKT=1016&SRT=YOP&TRM=TIT""Indien"" and PER Gill-Rai&MATCFILTER=N&MATCSET=N&NOSCAN=N&ADI_BIB="	0
21	Von Gary Schwartz. Köln 2017.	Vermeer. Meisterwerke im Detail.	https://www.froelichundkaufmann.de/aktueller-newsletter/vermeer-meisterwerke-im-detail.html?force_sid=12dkq0duit6vrmatnilvdbq35o	https://www.froelichundkaufmann.de/out/pictures/generated/product/1/390_245_80/vermeermeisterwerke-im-detail_809780.jpg	Sonderausgabe** 14,95 €	2017.0	14.95	Schwartz	Vermeer	174512120X|1745121145|1734713755|1671497414|1624587372|881070696|818645865|817321365	Aax|Aax|Aax|Aax|Aau|Aau|Oau|Aau	8.0			"https://opac.sub.uni-goettingen.de/DB=1/SET=2/TTL=1/CMD?ACT=SRCHA&IKT=1016&SRT=YOP&TRM=TIT""Vermeer"" and PER Schwartz&MATCFILTER=N&MATCSET=N&NOSCAN=N&ADI_BIB="	0
22	Von Sylvia Sumira. Darmstadt 2016.	Der Globus. 400 Jahre Geschichte, Macht, Entdeckungen.	https://www.froelichundkaufmann.de/aktueller-newsletter/der-globus-400-jahre-geschichte-macht-entdeckungen.html?force_sid=12dkq0duit6vrmatnilvdbq35o	https://www.froelichundkaufmann.de/out/pictures/generated/product/1/390_245_80/der-globus400-jahre-geschichtemachtendtdeckungen_778800.jpg	nur 14,95 €	2016.0	14.95	Sumira	Der Globus	857708473|1747016438|174660090X|1624490794|1746801239|1746602759	Aau|Asr|Osr|Asn|Asr|Osr	32.0			"https://opac.sub.uni-goettingen.de/DB=1/SET=2/TTL=1/CMD?ACT=SRCHA&IKT=1016&SRT=YOP&TRM=TIT""Der Globus"" and PER Sumira&MATCFILTER=N&MATCSET=N&NOSCAN=N&ADI_BIB="	0
23	Von Mario Dal Bello. Regensburg 2015.	Christusbilder.	https://www.froelichundkaufmann.de/aktueller-newsletter/christusbilder.html?force_sid=12dkq0duit6vrmatnilvdbq35o	https://www.froelichundkaufmann.de/out/pictures/generated/product/1/390_245_80/christusbilder_704792.jpg	nur 9,95 €	2015.0	9.95	Bello	Christusbilder	1616510536|839175736	Aau|Aau	8.0			"https://opac.sub.uni-goettingen.de/DB=1/SET=2/TTL=1/CMD?ACT=SRCHA&IKT=1016&SRT=YOP&TRM=TIT""Christusbilder"" and PER Bello&MATCFILTER=N&MATCSET=N&NOSCAN=N&ADI_BIB="	0
24	Von Heidi Howcroft, Fotografien von Marianne Majerus. München 2021.	Die geheimen Gärten von England. Entdeckungen im Gartenparadies.	https://www.froelichundkaufmann.de/aktueller-newsletter/die-geheimen-gaerten-von-england-entdeckungen-im-gartenparadies.html?force_sid=12dkq0duit6vrmatnilvdbq35o	https://www.froelichundkaufmann.de/out/pictures/generated/product/1/390_245_80/die-geheimen-gaerten-von-england-entdeckungen-im-gartenparad_699004.jpg	Sonderausgabe** 14,99 €	2021.0	14.99	Howcroft	Die geheimen Gärten von England	1777188350|810574179	Aax|Aau	5.0			"https://opac.sub.uni-goettingen.de/DB=1/SET=2/TTL=1/CMD?ACT=SRCHA&IKT=1016&SRT=YOP&TRM=TIT""Die geheimen Gärten von England"" and PER Howcroft&MATCFILTER=N&MATCSET=N&NOSCAN=N&ADI_BIB="	0
25	Von Simon Winchester. München 2013.	Der Atlantik. Biografie eines Ozeans.	https://www.froelichundkaufmann.de/aktueller-newsletter/der-atlantik-biografie-eines-ozeans.html?force_sid=12dkq0duit6vrmatnilvdbq35o	https://www.froelichundkaufmann.de/out/pictures/generated/product/1/390_245_80/der-atlantikbiografie-eines-ozeans_619965.jpg	nur 9,95 €	2013.0	9.95	Winchester	Der Atlantik	785149848|1691955035|722730233	Aau|Lax|Aau	19.0			"https://opac.sub.uni-goettingen.de/DB=1/SET=2/TTL=1/CMD?ACT=SRCHA&IKT=1016&SRT=YOP&TRM=TIT""Der Atlantik"" and PER Winchester&MATCFILTER=N&MATCSET=N&NOSCAN=N&ADI_BIB="	0
26	Hg. Wilhelm Kreutz u.a. Regensburg 2013.	Die Wittelsbacher und die Kurpfalz in der Neuzeit. Zwischen Reformation und Revolution.	https://www.froelichundkaufmann.de/aktueller-newsletter/die-wittelsbacher-und-die-kurpfalz-in-der-neuzeit-zwischen-reformation-und-revolution.html?force_sid=12dkq0duit6vrmatnilvdbq35o	https://www.froelichundkaufmann.de/out/pictures/generated/product/1/390_245_80/die-wittelsbacher-und-die-kurpfalz-im-der-neuzeitzwischen-re_603996.jpg	nur 9,95 €	2013.0	9.95	Kreutz	Die Wittelsbacher und die Kurpfalz in der Neuzeit	1602285330|71722662X	Aau|Aau	36.0	FMAG	Aau	"https://opac.sub.uni-goettingen.de/DB=1/SET=2/TTL=1/CMD?ACT=SRCHA&IKT=1016&SRT=YOP&TRM=TIT""Die Wittelsbacher und die Kurpfalz in der Neuzeit"" and PER Kreutz&MATCFILTER=N&MATCSET=N&NOSCAN=N&ADI_BIB="	1
27	Hg. Christoph Wagner, Oliver Jehle.	Albrecht Altdorfer. Kunst als zweite Natur.	https://www.froelichundkaufmann.de/aktueller-newsletter/albrecht-altdorfer-kunst-als-zweite-natur.html?force_sid=12dkq0duit6vrmatnilvdbq35o	https://www.froelichundkaufmann.de/out/pictures/generated/product/1/390_245_80/albrecht-altdorferkunst-als-zweite-natur_576581.jpg	nur 19,95 €		19.95	Wagner	Albrecht Altdorfer	719653266|362065543	Aau|Aau	30.0	7/055	Aau	"https://opac.sub.uni-goettingen.de/DB=1/SET=2/TTL=1/CMD?ACT=SRCHA&IKT=1016&SRT=YOP&TRM=TIT""Albrecht Altdorfer"" and PER Wagner&MATCFILTER=N&MATCSET=N&NOSCAN=N&ADI_BIB="	1
28	Reprint der letzten Ausgabe von 1628. Berlin 2021.	Sebastian Münster. Cosmographia. Die Beschreibung der ganzen Welt.	https://www.froelichundkaufmann.de/aktueller-newsletter/sebastian-muenster-cosmographia-die-beschreibung-der-ganzen-welt.html?force_sid=12dkq0duit6vrmatnilvdbq35o	https://www.froelichundkaufmann.de/out/pictures/generated/product/1/390_245_80/sebastian-muensters-cosmographia_376566.jpg	Sonderausgabe** 49,95 €	1628.0	49.95		Sebastian Münster	1724712217|1698773331|1693734265|1688589805|1682500659|1681080583|1687078548|1560408383|873116348|1748346768|1649929943|1005434212|1001804287|890632693|1657502767|102605107X|853831785|1747088099|1746625007|1642412090|1486340172|1485174422|89165318X|891653171|891653155|823209695|798838620|79857772X|793897963|892394374|1767047126|143931344X|1698442173|1693673061|870446851|836183711|720584132|668504587|626843952|1767055943|1510030123|139112796X|1391127757|731548388|683937987|625019474|62501927X|176705890X|1666382213|66404140X|1657700801|1044480351|586181466|1604816880|1336434368|1336434295|67214865X|672148641|518614379|482772166|1620048329|1536207314|1536045160|1187684295|387546413|1588522660|1763376915|1602936064|1353299481|1169611850|891135758|348367287|1659768675|1631230093|878973133|582763576|539880620|1660966957|53954700X|1621279294|324917848|1747054275|1652429727|1652429719|1583512462|1583512454|1120282837|1120282713|1120221870|473655330|19343881X|191561460|188343024|188343016|1747063495|676068316|1748236539|1746892161|1330827767|1104782030	Bau|Bau|Osn|Asu|Aau|Asu|Oax|Aau|Aau|Oar|Asu|Aax|Oau|Oax|Oau|Asu|Aax|Asr|Osr|Asu|Asu|Asu|Asn|Asn|Asn|Asu|Asu|Aau|Asu|Asn|Osu|Aau|Asu|Oax|Oax|Oax|Asu|Asu|Aau|Osu|Osn|Afu|Afu|Asu|Asu|Afu|Afu|Osu|AFu|Aau|Oan|Asn|Asu|Aau|Afu|Afu|Afu|Afu|Aau|Aau|Aau|Asn|Asn|Aar|Aau|Osn|Asn|Aau|Aau|Aau|Aax|Asu|Asr|Asn|Asu|Asn|Obv|Asr|Abv|Asr|Abv|Asr|Oan|Oan|AfB|AfB|Afu|Afu|Aau|Asn|Afu|Aau|Afu|Acu|Asr|Asn|Aar|Asr|Asu|Afu	331.0			"https://opac.sub.uni-goettingen.de/DB=1/SET=2/TTL=1/CMD?ACT=SRCHA&IKT=1016&SRT=YOP&TRM=TIT""Sebastian Münster"" and PER &MATCFILTER=N&MATCSET=N&NOSCAN=N&ADI_BIB="	
29	Hg. Walter Raunig. Regensburg. 2. Auflage 2016.	Äthiopien - Geschichte, Kunst, Kultur.	https://www.froelichundkaufmann.de/aktueller-newsletter/aethiopien-geschichte-kunst-kultur.html?force_sid=12dkq0duit6vrmatnilvdbq35o	https://www.froelichundkaufmann.de/out/pictures/generated/product/1/390_245_80/aethiopien-geschichte-kunst-kultur_285064.jpg	nur 29,95 €	2016.0	29.95	Raunig	Äthiopien - Geschichte	1769748431|1036370925|797401652|73532395X|646612727|63251194X|38994193X|140487819X	Aau|Aau|Aau|Asy|Asu|Aau|Aau|Aar	28.0	7/066|FMAG	Aau	"https://opac.sub.uni-goettingen.de/DB=1/SET=2/TTL=1/CMD?ACT=SRCHA&IKT=1016&SRT=YOP&TRM=TIT""Äthiopien - Geschichte"" and PER Raunig&MATCFILTER=N&MATCSET=N&NOSCAN=N&ADI_BIB="	2
30	Von P. Gerhard Ruf. Regensburg 2012.	Die Fresken der Oberkirche San Francesco in Assisi - Ikonographie und Theologie	https://www.froelichundkaufmann.de/aktueller-newsletter/die-fresken-der-oberkirche-san-francesco-in-assisi-ikonographie-und-theologie.html?force_sid=12dkq0duit6vrmatnilvdbq35o	https://www.froelichundkaufmann.de/out/pictures/generated/product/1/390_245_80/die-fresken-der-oberkirche-san-francesco-in-assisi-ikonograp_248959.jpg	nur 24,95 €	2012.0	24.95	Ruf		1777622891|1777192927|1777188326|1777181380|177613723X|1041905025|1777944856|1777608503|1777547954|1777470862|1777148987|1776170407|1776067908|1776065581|1776065182|1775846962|1774644983|1772093181|1769981454|1769980946|1769980725|1769884041|1769884025|1769573259|1768029407|1767887825|176788723X|1767666934|1767103913|1766778879|1766543502|1766103650|1765538173|1765263786|1764965035|1764958039|176474988X|1764772601|1764771621|1764145151|1762788616|1761648470|1761619160|1761238221|1761225901|1761200461|1760948624|1760760293|1760760269|176040618X|1760364371|176012401X|1760121827|175987356X|1759862576|1759843318|175949304X|1759319384|1759013226|1758986395|1758954345|1758878479|1758288345|1758052961|1758021691|1757524304|1757297901|175704504X|1755878184|1755687834|1753955793|1753520460|1753456894|1753413346|1753408113|1753391695|1753205832|1752393570|1751042405|1750008157|1750007290|1749276259|1748620258|1747323330|1744022577|1742529208|1742519431|1739098773|1695723104|1695718208|166277379X|789370824|177753867X|1777415918|1776148274|1774652129|1771310308|1769584420|1767700768|1761593145	Asu|Aax|Aax|Aax|Aax|Aax|Osu|Asx|Oax|Aaa|Aau|Osu|Aax|Aax|Aax|Asu|Aax|Aau|Asu|Asu|Asu|Oax|Oax|Aaa|Oav|Aax|Aax|Oau|Asu|Aau|AFu|Aau|Oax|Osu|Asu|Aau|Asx|Oau|Oau|Asu|Aau|Aau|Aau|Asu|Asu|Aax|Aau|Asx|Asx|Asu|Osu|Asu|Asu|Oaa|Asu|Oax|Aau|Aay|Aax|Asu|Oau|Oax|Aau|Asu|Aax|Asu|Aax|Osu|Oau|Aaa|Asu|Oax|Oax|Aax|Aau|Aau|Osu|Aau|Asu|Oau|Aau|Asu|Asu|Oax|Aau|Aau|Aax|Aax|Aax|Aau|Aaa|Aaa|Asu|Asu|Aax|Aax|Asu|Aau|Aau|Asx	113.0	BBM	Aau|Oau|Oax	"https://opac.sub.uni-goettingen.de/DB=1/SET=2/TTL=1/CMD?ACT=SRCHA&IKT=1016&SRT=YOP&TRM=TIT"""" and PER Ruf&MATCFILTER=N&MATCSET=N&NOSCAN=N&ADI_BIB="	748
31	Hg. von H. Bächtold-Stäubli u.a. Berlin 2021.	Handwörterbuch des deutschen Aberglaubens. 10 Bände.	https://www.froelichundkaufmann.de/aktueller-newsletter/handwoerterbuch-des-deutschen-aberglaubens-10-baende.html?force_sid=12dkq0duit6vrmatnilvdbq35o	https://www.froelichundkaufmann.de/out/pictures/generated/product/1/390_245_80/handwoerterbuch-des-deutschen-aberglaubens_167100.jpg	Sonderausgabe** 49,95 €	2021.0	49.95	Bächtold-Stäubli	Handwörterbuch des deutschen Aberglaubens	1730534619|1724744461|1698571712|1687259666|168725611X|1681474476|1681474247|1335547649|584979223|50753851X|1684928907|1619602350|1616228628|161622861X|1616228539|1322760764|820485721|583538754|583538738|583538711|58353869X|583538681|583538673|583538665|583538657|583436552|583368808|583368794|320557022|320380475|32038036X|320380343|320380211|320380165|320380106|32037999X|320379833|320379612|1583176276|100120039X|839474091|792831306|074313029|074313010|074313002|074312995|074312987|074312979|074312960|074312952|074312944|074312936|074312928|032181590|032181582|032181574|032181566|032181558|03218154X|032181531|032181523|032181515|032181507|032181493|030047587|030047579|030047560|030047552|030047544|030047536|030047528|03004751X|030047501|030047498|03004748X|1773718304|1756419809|1670003302|1030054274|583701566|13862402X|038195933|030180724|583701558|1773718290|1756419787|1030054266|138624003|073647039|038195925|030180716|58370154X|1773718282|1756419779|1030054258|583701531|138623996|038195917|030180708|1773718274	Aax|Oax|Oax|Oax|Oax|Oax|Oax|Sau|Ssu|Sau|Acn|Aar|Aax|Aax|Aax|Acu|Acn|AFn|AFn|AFn|AFn|AFn|AFn|AFn|AFn|Acn|AFn|AFn|Afu|Afu|Afu|Afu|Afu|Afu|Afu|Afu|Afu|Afu|Aau|AcB|Acn|Acn|Afn|Afn|Afn|Afn|Afn|Afn|Afn|Afn|Afn|Afn|Acn|Afu|Afu|Afu|Afu|Afu|Afu|Afu|Afu|Afu|Afu|Acu|Afu|Afu|Afu|Afu|Afu|Afu|Afu|Afu|Afu|Afu|Acu|AFn|Afx|Aax|Aan|AFn|Afu|Afk|Afu|AFn|AFn|Afx|Aan|Afu|Acn|Afk|Afu|AFn|AFn|Afx|Aan|AFn|Afu|Afk|Afu|AFn	944.0	7/906|HG-MPI|7/068|GMAG|7/222	Sau|Afu	"https://opac.sub.uni-goettingen.de/DB=1/SET=2/TTL=1/CMD?ACT=SRCHA&IKT=1016&SRT=YOP&TRM=TIT""Handwörterbuch des deutschen Aberglaubens"" and PER Bächtold-Stäubli&MATCFILTER=N&MATCSET=N&NOSCAN=N&ADI_BIB="	54
32	Kinderkoffer, Plüschpuppe, Magnet.	Pettersson Findus Set, 3-teilig.	https://www.froelichundkaufmann.de/aktueller-newsletter/pettersson-findus-set-3-teilig.html?force_sid=12dkq0duit6vrmatnilvdbq35o	https://www.froelichundkaufmann.de/out/pictures/generated/product/1/390_245_80/pettersson-findus-set3-teilig_1326430.jpg	19,95 €		19.95	Plüschpuppe	Pettersson Findus Set						"https://opac.sub.uni-goettingen.de/DB=1/SET=2/TTL=1/CMD?ACT=SRCHA&IKT=1016&SRT=YOP&TRM=TIT""Pettersson Findus Set"" and PER Plüschpuppe&MATCFILTER=N&MATCSET=N&NOSCAN=N&ADI_BIB="	0
33	Sound-Adventskalender.	»It’s Christmas Time«. Vintage-Plattenspieler mit 24 Weihnachtssongs.	https://www.froelichundkaufmann.de/aktueller-newsletter/it-s-christmas-time-vintage-plattenspieler-mit-24-weihnachtssongs.html?force_sid=12dkq0duit6vrmatnilvdbq35o	https://www.froelichundkaufmann.de/out/pictures/generated/product/1/390_245_80/it-s-christmas-timevintage-plattenspieler-mit-24-weihnachtss_1312421.jpg	29,00 €		29.0		»It’s Christmas Time«	1553373227|1553370309|1550942603|873131339|875164889|823721582|81443004X|1754746306|1702435873|612201929|1754465536|539902934|509030866|1600391982|475171144|379466090|1621062074|478218168|1602843848|1102562963|1101683384|1754465528|1600148816|1101683260|732911354|553114654	BFu|Zcu|AFu|Bax|Bsu|Aau|Bau|Aan|Oax|Bar|BaX|Aau|Aau|Bau|Bar|Bar|Aar|Bsn|Aau|Bfu|Afu|BaX|Bau|Acu|Oax|Oax	63.0			"https://opac.sub.uni-goettingen.de/DB=1/SET=2/TTL=1/CMD?ACT=SRCHA&IKT=1016&SRT=YOP&TRM=TIT""»It’s Christmas Time«"" and PER &MATCFILTER=N&MATCSET=N&NOSCAN=N&ADI_BIB="	
34	Der mondäne Stil der Goldenen Zwanziger.	Art Deco Kalender 2022. 16 Monatsblätter.	https://www.froelichundkaufmann.de/aktueller-newsletter/art-deco-kalender-2022-16-monatsblaetter.html?force_sid=12dkq0duit6vrmatnilvdbq35o	https://www.froelichundkaufmann.de/out/pictures/generated/product/1/390_245_80/art-deco-kalender-2022-16-monatsblaetter_1289101.jpg	nur 5,00 €		5.0	Zwanziger	Art Deco Kalender 2022						"https://opac.sub.uni-goettingen.de/DB=1/SET=2/TTL=1/CMD?ACT=SRCHA&IKT=1016&SRT=YOP&TRM=TIT""Art Deco Kalender 2022"" and PER Zwanziger&MATCFILTER=N&MATCSET=N&NOSCAN=N&ADI_BIB="	0
35	München / Wien 2017.	Fröhliche Weihnachten. Die schönsten Bilder der Wiener Werkstätte. Postkarten-Set.	https://www.froelichundkaufmann.de/aktueller-newsletter/froehliche-weihnachten-die-schoensten-bilder-der-wiener-werkstaette-postkarten-set.html?force_sid=12dkq0duit6vrmatnilvdbq35o	https://www.froelichundkaufmann.de/out/pictures/generated/product/1/390_245_80/froehliche-weihnachtendie-schoensten-bilder-der-wiener-werks_1014315.jpg	12,00 €	2017.0	12.0		Fröhliche Weihnachten	1758283556|175799128X|1757987800|175492378X|175492297X|1753407877|1751050696|1748485881|1744268053|1741998905|174182009X|1737894076|1736172018|1734760079|1695711424|1686983514|1686833946|1684347815|168375154X|1683532333|1679375229|1679368710|1674683650|1674683634|1670830160|1666148571|1665765410|1665569069|1665566523|1665529814|1665524634|1665507098|166540938X|1049509498|1683635515|1670237656|1046907379|1035254379|1035254360|1029059543|1027241034|1023299070|102239584X|1022390031|1022388401|102006126X|1019211822|1019200790|1018304908|1754681409|1644583879|163024046X|1630084549|1023461897|1014457122|1006325344|89698883X|889150214|889149739|887613071|886502837|885154495|884662411|883553341|883551721|881638552|873107446|1549070142|1026157846|880479469|878842977|876526822|874060206|873581172|873571134|870575295|865872422|862776643|859938409|859565556|859126994|859108694|858673894|858645491|858633876|857712748|857258729|1653694092|1617728721|1616722525|1600608078|842180915|82373031X|823728501|1614045569|1609162315|784235058|783346425|782652670|1622014308	Aax|Aax|Aax|Aax|Aax|Aax|Aax|AFu|Aau|Aax|Oax|Oax|Aax|Aax|Aau|Aax|Oax|Oax|Aax|Asu|Aaa|Aax|Oax|Oax|Aax|Aau|Aax|Aax|Aax|Aax|Aax|Aau|Aax|AFu|Aau|Aau|Aax|Aau|Aau|Aax|Aax|Aax|Aau|Aax|Aax|Aax|Aax|Aax|Aax|BaX|Aau|Aau|Aau|AFu|Aau|Bau|Aau|Aax|Aax|Aau|Aax|Aau|Aax|Aau|Aau|Aax|Aax|Asu|Asu|Abv|Aau|Aax|Aax|Aax|Aax|AFu|Aax|Aax|Aax|Bau|Aau|Aau|Aax|Aau|Aau|Aax|Aax|Oan|Aau|Aau|Bau|Asu|Aau|Aau|Aau|Aau|Aau|Aau|Aau|Aau	44.0			"https://opac.sub.uni-goettingen.de/DB=1/SET=2/TTL=1/CMD?ACT=SRCHA&IKT=1016&SRT=YOP&TRM=TIT""Fröhliche Weihnachten"" and PER &MATCFILTER=N&MATCSET=N&NOSCAN=N&ADI_BIB="	
