	award.type	award.value	person.type	person.value	birthday.datatype	birthday.type	birthday.value	date.datatype	date.type	date.value	prizemoney.datatype	prizemoney.type	prizemoney.value	personLabel.xml:lang	personLabel.type	personLabel.value	awardLabel.xml:lang	awardLabel.type	awardLabel.value	genderLabel.xml:lang	genderLabel.type	genderLabel.value	birthplaceLabel.xml:lang	birthplaceLabel.type	birthplaceLabel.value	forWork.type	forWork.value	forWorkLabel.xml:lang	forWorkLabel.type	forWorkLabel.value	wiki.id
0	uri	http://www.wikidata.org/entity/Q37922	uri	http://www.wikidata.org/entity/Q42247	http://www.w3.org/2001/XMLSchema#dateTime	literal	1839-03-16T00:00:00Z	http://www.w3.org/2001/XMLSchema#dateTime	literal	1901-01-01T00:00:00Z	http://www.w3.org/2001/XMLSchema#decimal	literal	150782	en	literal	Sully Prudhomme	en	literal	Nobel Prize in Literature	en	literal	male	en	literal	Paris						Q42247
1	uri	http://www.wikidata.org/entity/Q37922	uri	http://www.wikidata.org/entity/Q25351	http://www.w3.org/2001/XMLSchema#dateTime	literal	1817-11-30T00:00:00Z	http://www.w3.org/2001/XMLSchema#dateTime	literal	1902-01-01T00:00:00Z	http://www.w3.org/2001/XMLSchema#decimal	literal	141847	en	literal	Theodor Mommsen	en	literal	Nobel Prize in Literature	en	literal	male	en	literal	Garding	uri	http://www.wikidata.org/entity/Q1500229	en	literal	History of Rome	Q25351
2	uri	http://www.wikidata.org/entity/Q37922	uri	http://www.wikidata.org/entity/Q46405	http://www.w3.org/2001/XMLSchema#dateTime	literal	1832-12-08T00:00:00Z	http://www.w3.org/2001/XMLSchema#dateTime	literal	1903-01-01T00:00:00Z	http://www.w3.org/2001/XMLSchema#decimal	literal	141358	en	literal	Bjørnstjerne Bjørnson	en	literal	Nobel Prize in Literature	en	literal	male	en	literal	Kvikne						Q46405
3	uri	http://www.wikidata.org/entity/Q37922	uri	http://www.wikidata.org/entity/Q42596	http://www.w3.org/2001/XMLSchema#dateTime	literal	1830-09-08T00:00:00Z	http://www.w3.org/2001/XMLSchema#dateTime	literal	1904-01-01T00:00:00Z	http://www.w3.org/2001/XMLSchema#decimal	literal	70429	en	literal	Frédéric Mistral	en	literal	Nobel Prize in Literature	en	literal	male	en	literal	Maillane						Q42596
4	uri	http://www.wikidata.org/entity/Q37922	uri	http://www.wikidata.org/entity/Q127349	http://www.w3.org/2001/XMLSchema#dateTime	literal	1832-04-19T00:00:00Z	http://www.w3.org/2001/XMLSchema#dateTime	literal	1904-01-01T00:00:00Z	http://www.w3.org/2001/XMLSchema#decimal	literal	70429	en	literal	José Echegaray	en	literal	Nobel Prize in Literature	en	literal	male	en	literal	Madrid						Q127349
5	uri	http://www.wikidata.org/entity/Q37922	uri	http://www.wikidata.org/entity/Q41502	http://www.w3.org/2001/XMLSchema#dateTime	literal	1846-05-05T00:00:00Z	http://www.w3.org/2001/XMLSchema#dateTime	literal	1905-01-01T00:00:00Z	http://www.w3.org/2001/XMLSchema#decimal	literal	138089	en	literal	Henryk Sienkiewicz	en	literal	Nobel Prize in Literature	en	literal	male	en	literal	Wola Okrzejska						Q41502
6	uri	http://www.wikidata.org/entity/Q37922	uri	http://www.wikidata.org/entity/Q43440	http://www.w3.org/2001/XMLSchema#dateTime	literal	1835-07-27T00:00:00Z	http://www.w3.org/2001/XMLSchema#dateTime	literal	1906-01-01T00:00:00Z	http://www.w3.org/2001/XMLSchema#decimal	literal	138536	en	literal	Giosuè Carducci	en	literal	Nobel Prize in Literature	en	literal	male	en	literal	Pietrasanta						Q43440
7	uri	http://www.wikidata.org/entity/Q37922	uri	http://www.wikidata.org/entity/Q43440	http://www.w3.org/2001/XMLSchema#dateTime	literal	1835-07-27T00:00:00Z	http://www.w3.org/2001/XMLSchema#dateTime	literal	1906-01-01T00:00:00Z	http://www.w3.org/2001/XMLSchema#decimal	literal	138536	en	literal	Giosuè Carducci	en	literal	Nobel Prize in Literature	en	literal	male	en	literal	Valdicastello Carducci						Q43440
8	uri	http://www.wikidata.org/entity/Q37922	uri	http://www.wikidata.org/entity/Q34743	http://www.w3.org/2001/XMLSchema#dateTime	literal	1865-12-30T00:00:00Z	http://www.w3.org/2001/XMLSchema#dateTime	literal	1907-01-01T00:00:00Z	http://www.w3.org/2001/XMLSchema#decimal	literal	138796	en	literal	Rudyard Kipling	en	literal	Nobel Prize in Literature	en	literal	male	en	literal	Mumbai						Q34743
9	uri	http://www.wikidata.org/entity/Q37922	uri	http://www.wikidata.org/entity/Q47695	http://www.w3.org/2001/XMLSchema#dateTime	literal	1846-01-05T00:00:00Z	http://www.w3.org/2001/XMLSchema#dateTime	literal	1908-01-01T00:00:00Z	http://www.w3.org/2001/XMLSchema#decimal	literal	139800	en	literal	Rudolf Christoph Eucken	en	literal	Nobel Prize in Literature	en	literal	male	en	literal	Aurich						Q47695
10	uri	http://www.wikidata.org/entity/Q37922	uri	http://www.wikidata.org/entity/Q44519	http://www.w3.org/2001/XMLSchema#dateTime	literal	1858-11-20T00:00:00Z	http://www.w3.org/2001/XMLSchema#dateTime	literal	1909-01-01T00:00:00Z	http://www.w3.org/2001/XMLSchema#decimal	literal	139800	en	literal	Selma Lagerlöf	en	literal	Nobel Prize in Literature	en	literal	female	en	literal	Mårbacka						Q44519
11	uri	http://www.wikidata.org/entity/Q37922	uri	http://www.wikidata.org/entity/Q44519	http://www.w3.org/2001/XMLSchema#dateTime	literal	1858-11-20T00:00:00Z	http://www.w3.org/2001/XMLSchema#dateTime	literal	1909-01-01T00:00:00Z	http://www.w3.org/2001/XMLSchema#decimal	literal	139800	en	literal	Selma Lagerlöf	en	literal	Nobel Prize in Literature	en	literal	female	en	literal	Sunne parish						Q44519
12	uri	http://www.wikidata.org/entity/Q37922	uri	http://www.wikidata.org/entity/Q76487	http://www.w3.org/2001/XMLSchema#dateTime	literal	1830-03-15T00:00:00Z	http://www.w3.org/2001/XMLSchema#dateTime	literal	1910-01-01T00:00:00Z	http://www.w3.org/2001/XMLSchema#decimal	literal	140703	en	literal	Paul Heyse	en	literal	Nobel Prize in Literature	en	literal	male	en	literal	Berlin						Q76487
13	uri	http://www.wikidata.org/entity/Q37922	uri	http://www.wikidata.org/entity/Q49747	http://www.w3.org/2001/XMLSchema#dateTime	literal	1862-08-29T00:00:00Z	http://www.w3.org/2001/XMLSchema#dateTime	literal	1911-01-01T00:00:00Z	http://www.w3.org/2001/XMLSchema#decimal	literal	140695	en	literal	Maurice Maeterlinck	en	literal	Nobel Prize in Literature	en	literal	male	en	literal	Ghent						Q49747
14	uri	http://www.wikidata.org/entity/Q37922	uri	http://www.wikidata.org/entity/Q43523	http://www.w3.org/2001/XMLSchema#dateTime	literal	1862-11-15T00:00:00Z	http://www.w3.org/2001/XMLSchema#dateTime	literal	1912-01-01T00:00:00Z	http://www.w3.org/2001/XMLSchema#decimal	literal	140476	en	literal	Gerhart Hauptmann	en	literal	Nobel Prize in Literature	en	literal	male	en	literal	Szczawno-Zdrój						Q43523
15	uri	http://www.wikidata.org/entity/Q37922	uri	http://www.wikidata.org/entity/Q7241	http://www.w3.org/2001/XMLSchema#dateTime	literal	1861-05-07T00:00:00Z	http://www.w3.org/2001/XMLSchema#dateTime	literal	1913-11-13T00:00:00Z	http://www.w3.org/2001/XMLSchema#decimal	literal	143010	en	literal	Rabindranath Tagore	en	literal	Nobel Prize in Literature	en	literal	male	en	literal	Kolkata	uri	http://www.wikidata.org/entity/Q7561028	en	literal	Song Offerings	Q7241
16	uri	http://www.wikidata.org/entity/Q37922	uri	http://www.wikidata.org/entity/Q47162	http://www.w3.org/2001/XMLSchema#dateTime	literal	1866-01-29T00:00:00Z	http://www.w3.org/2001/XMLSchema#dateTime	literal	1915-01-01T00:00:00Z	http://www.w3.org/2001/XMLSchema#decimal	literal	149223	en	literal	Romain Rolland	en	literal	Nobel Prize in Literature	en	literal	male	en	literal	Clamecy						Q47162
17	uri	http://www.wikidata.org/entity/Q37922	uri	http://www.wikidata.org/entity/Q129173	http://www.w3.org/2001/XMLSchema#dateTime	literal	1859-07-06T00:00:00Z	http://www.w3.org/2001/XMLSchema#dateTime	literal	1916-01-01T00:00:00Z	http://www.w3.org/2001/XMLSchema#decimal	literal	131793	en	literal	Verner von Heidenstam	en	literal	Nobel Prize in Literature	en	literal	male	en	literal	Olshammar						Q129173
18	uri	http://www.wikidata.org/entity/Q37922	uri	http://www.wikidata.org/entity/Q225554	http://www.w3.org/2001/XMLSchema#dateTime	literal	1857-07-24T00:00:00Z	http://www.w3.org/2001/XMLSchema#dateTime	literal	1917-01-01T00:00:00Z	http://www.w3.org/2001/XMLSchema#decimal	literal	66911	en	literal	Henrik Pontoppidan	en	literal	Nobel Prize in Literature	en	literal	male	en	literal	Fredericia						Q225554
19	uri	http://www.wikidata.org/entity/Q37922	uri	http://www.wikidata.org/entity/Q131487	http://www.w3.org/2001/XMLSchema#dateTime	literal	1857-06-02T00:00:00Z	http://www.w3.org/2001/XMLSchema#dateTime	literal	1917-01-01T00:00:00Z	http://www.w3.org/2001/XMLSchema#decimal	literal	66911	en	literal	Karl Adolph Gjellerup	en	literal	Nobel Prize in Literature	en	literal	male	en	literal	Roholte						Q131487
20	uri	http://www.wikidata.org/entity/Q37922	uri	http://www.wikidata.org/entity/Q226525	http://www.w3.org/2001/XMLSchema#dateTime	literal	1845-04-24T00:00:00Z	http://www.w3.org/2001/XMLSchema#dateTime	literal	1919-01-01T00:00:00Z	http://www.w3.org/2001/XMLSchema#decimal	literal	133127	en	literal	Carl Spitteler	en	literal	Nobel Prize in Literature	en	literal	male	en	literal	Liestal						Q226525
21	uri	http://www.wikidata.org/entity/Q37922	uri	http://www.wikidata.org/entity/Q40826	http://www.w3.org/2001/XMLSchema#dateTime	literal	1859-08-04T00:00:00Z	http://www.w3.org/2001/XMLSchema#dateTime	literal	1920-01-01T00:00:00Z	http://www.w3.org/2001/XMLSchema#decimal	literal	134100	en	literal	Knut Hamsun	en	literal	Nobel Prize in Literature	en	literal	male	en	literal	Vågå						Q40826
22	uri	http://www.wikidata.org/entity/Q37922	uri	http://www.wikidata.org/entity/Q40826	http://www.w3.org/2001/XMLSchema#dateTime	literal	1859-08-04T00:00:00Z	http://www.w3.org/2001/XMLSchema#dateTime	literal	1920-01-01T00:00:00Z	http://www.w3.org/2001/XMLSchema#decimal	literal	134100	en	literal	Knut Hamsun	en	literal	Nobel Prize in Literature	en	literal	male	en	literal	Lom						Q40826
23	uri	http://www.wikidata.org/entity/Q37922	uri	http://www.wikidata.org/entity/Q42443	http://www.w3.org/2001/XMLSchema#dateTime	literal	1844-04-16T00:00:00Z	http://www.w3.org/2001/XMLSchema#dateTime	literal	1921-01-01T00:00:00Z	http://www.w3.org/2001/XMLSchema#decimal	literal	121573	en	literal	Anatole France	en	literal	Nobel Prize in Literature	en	literal	male	en	literal	Paris						Q42443
24	uri	http://www.wikidata.org/entity/Q37922	uri	http://www.wikidata.org/entity/Q83184	http://www.w3.org/2001/XMLSchema#dateTime	literal	1866-08-12T00:00:00Z	http://www.w3.org/2001/XMLSchema#dateTime	literal	1922-01-01T00:00:00Z	http://www.w3.org/2001/XMLSchema#decimal	literal	122483	en	literal	Jacinto Benavente	en	literal	Nobel Prize in Literature	en	literal	male	en	literal	Madrid						Q83184
25	uri	http://www.wikidata.org/entity/Q37922	uri	http://www.wikidata.org/entity/Q40213	http://www.w3.org/2001/XMLSchema#dateTime	literal	1865-06-13T00:00:00Z	http://www.w3.org/2001/XMLSchema#dateTime	literal	1923-01-01T00:00:00Z	http://www.w3.org/2001/XMLSchema#decimal	literal	114935	en	literal	William Butler Yeats	en	literal	Nobel Prize in Literature	en	literal	male	en	literal	Sandymount						Q40213
26	uri	http://www.wikidata.org/entity/Q37922	uri	http://www.wikidata.org/entity/Q121180	http://www.w3.org/2001/XMLSchema#dateTime	literal	1867-05-07T00:00:00Z	http://www.w3.org/2001/XMLSchema#dateTime	literal	1924-01-01T00:00:00Z	http://www.w3.org/2001/XMLSchema#decimal	literal	116719	en	literal	Władysław Reymont	en	literal	Nobel Prize in Literature	en	literal	male	en	literal	Kobiele Wielkie	uri	http://www.wikidata.org/entity/Q2896338	en	literal	The Peasants	Q121180
27	uri	http://www.wikidata.org/entity/Q37922	uri	http://www.wikidata.org/entity/Q19185	http://www.w3.org/2001/XMLSchema#dateTime	literal	1856-07-26T00:00:00Z	http://www.w3.org/2001/XMLSchema#dateTime	literal	1925-01-01T00:00:00Z	http://www.w3.org/2001/XMLSchema#decimal	literal	118165	en	literal	George Bernard Shaw	en	literal	Nobel Prize in Literature	en	literal	male	en	literal	Dublin						Q19185
28	uri	http://www.wikidata.org/entity/Q37922	uri	http://www.wikidata.org/entity/Q7728	http://www.w3.org/2001/XMLSchema#dateTime	literal	1871-09-27T00:00:00Z	http://www.w3.org/2001/XMLSchema#dateTime	literal	1926-01-01T00:00:00Z	http://www.w3.org/2001/XMLSchema#decimal	literal	116960	en	literal	Grazia Deledda	en	literal	Nobel Prize in Literature	en	literal	female	en	literal	Nuoro						Q7728
29	uri	http://www.wikidata.org/entity/Q37922	uri	http://www.wikidata.org/entity/Q42156	http://www.w3.org/2001/XMLSchema#dateTime	literal	1859-10-18T00:00:00Z	http://www.w3.org/2001/XMLSchema#dateTime	literal	1927-01-01T00:00:00Z	http://www.w3.org/2001/XMLSchema#decimal	literal	126501	en	literal	Henri Bergson	en	literal	Nobel Prize in Literature	en	literal	male	en	literal	Paris						Q42156
30	uri	http://www.wikidata.org/entity/Q37922	uri	http://www.wikidata.org/entity/Q80889	http://www.w3.org/2001/XMLSchema#dateTime	literal	1882-05-20T00:00:00Z	http://www.w3.org/2001/XMLSchema#dateTime	literal	1928-01-01T00:00:00Z	http://www.w3.org/2001/XMLSchema#decimal	literal	156939	en	literal	Sigrid Undset	en	literal	Nobel Prize in Literature	en	literal	female	en	literal	Kalundborg						Q80889
31	uri	http://www.wikidata.org/entity/Q37922	uri	http://www.wikidata.org/entity/Q37030	http://www.w3.org/2001/XMLSchema#dateTime	literal	1875-06-06T00:00:00Z	http://www.w3.org/2001/XMLSchema#dateTime	literal	1929-01-01T00:00:00Z	http://www.w3.org/2001/XMLSchema#decimal	literal	172760	en	literal	Thomas Mann	en	literal	Nobel Prize in Literature	en	literal	male	en	literal	Lübeck	uri	http://www.wikidata.org/entity/Q326909	en	literal	Buddenbrooks	Q37030
32	uri	http://www.wikidata.org/entity/Q37922	uri	http://www.wikidata.org/entity/Q123469	http://www.w3.org/2001/XMLSchema#dateTime	literal	1885-02-07T00:00:00Z	http://www.w3.org/2001/XMLSchema#dateTime	literal	1930-01-01T00:00:00Z	http://www.w3.org/2001/XMLSchema#decimal	literal	172947	en	literal	Sinclair Lewis	en	literal	Nobel Prize in Literature	en	literal	male	en	literal	Sauk Centre						Q123469
33	uri	http://www.wikidata.org/entity/Q37922	uri	http://www.wikidata.org/entity/Q134641	http://www.w3.org/2001/XMLSchema#dateTime	literal	1864-07-20T00:00:00Z	http://www.w3.org/2001/XMLSchema#dateTime	literal	1931-01-01T00:00:00Z	http://www.w3.org/2001/XMLSchema#decimal	literal	173206	en	literal	Erik Axel Karlfeldt	en	literal	Nobel Prize in Literature	en	literal	male	en	literal	Folkärna						Q134641
34	uri	http://www.wikidata.org/entity/Q37922	uri	http://www.wikidata.org/entity/Q82248	http://www.w3.org/2001/XMLSchema#dateTime	literal	1867-08-14T00:00:00Z	http://www.w3.org/2001/XMLSchema#dateTime	literal	1932-01-01T00:00:00Z	http://www.w3.org/2001/XMLSchema#decimal	literal	171753	en	literal	John Galsworthy	en	literal	Nobel Prize in Literature	en	literal	male	en	literal	Kingston upon Thames						Q82248
35	uri	http://www.wikidata.org/entity/Q37922	uri	http://www.wikidata.org/entity/Q46602	http://www.w3.org/2001/XMLSchema#dateTime	literal	1870-10-22T00:00:00Z	http://www.w3.org/2001/XMLSchema#dateTime	literal	1933-01-01T00:00:00Z	http://www.w3.org/2001/XMLSchema#decimal	literal	170332	en	literal	Ivan Bunin	en	literal	Nobel Prize in Literature	en	literal	male	en	literal	Voronezh						Q46602
36	uri	http://www.wikidata.org/entity/Q37922	uri	http://www.wikidata.org/entity/Q1403	http://www.w3.org/2001/XMLSchema#dateTime	literal	1867-06-28T00:00:00Z	http://www.w3.org/2001/XMLSchema#dateTime	literal	1934-01-01T00:00:00Z	http://www.w3.org/2001/XMLSchema#decimal	literal	162608	en	literal	Luigi Pirandello	en	literal	Nobel Prize in Literature	en	literal	male	en	literal	Agrigento						Q1403
37	uri	http://www.wikidata.org/entity/Q37922	uri	http://www.wikidata.org/entity/Q93157	http://www.w3.org/2001/XMLSchema#dateTime	literal	1888-10-16T00:00:00Z	http://www.w3.org/2001/XMLSchema#dateTime	literal	1936-01-01T00:00:00Z	http://www.w3.org/2001/XMLSchema#decimal	literal	159850	en	literal	Eugene O'Neill	en	literal	Nobel Prize in Literature	en	literal	male	en	literal	New York City						Q93157
38	uri	http://www.wikidata.org/entity/Q37922	uri	http://www.wikidata.org/entity/Q129155	http://www.w3.org/2001/XMLSchema#dateTime	literal	1881-03-23T00:00:00Z	http://www.w3.org/2001/XMLSchema#dateTime	literal	1937-01-01T00:00:00Z	http://www.w3.org/2001/XMLSchema#decimal	literal	158463	en	literal	Roger Martin du Gard	en	literal	Nobel Prize in Literature	en	literal	male	en	literal	Neuilly-sur-Seine						Q129155
39	uri	http://www.wikidata.org/entity/Q37922	uri	http://www.wikidata.org/entity/Q80900	http://www.w3.org/2001/XMLSchema#dateTime	literal	1892-06-26T00:00:00Z	http://www.w3.org/2001/XMLSchema#dateTime	literal	1938-01-01T00:00:00Z	http://www.w3.org/2001/XMLSchema#decimal	literal	155077	en	literal	Pearl S. Buck	en	literal	Nobel Prize in Literature	en	literal	female	en	literal	Hillsboro						Q80900
40	uri	http://www.wikidata.org/entity/Q37922	uri	http://www.wikidata.org/entity/Q132723	http://www.w3.org/2001/XMLSchema#dateTime	literal	1888-09-16T00:00:00Z	http://www.w3.org/2001/XMLSchema#dateTime	literal	1939-01-01T00:00:00Z	http://www.w3.org/2001/XMLSchema#decimal	literal	148822	en	literal	Frans Eemil Sillanpää	en	literal	Nobel Prize in Literature	en	literal	male	en	literal	Hämeenkyrö						Q132723
41	uri	http://www.wikidata.org/entity/Q37922	uri	http://www.wikidata.org/entity/Q159552	http://www.w3.org/2001/XMLSchema#dateTime	literal	1873-01-20T00:00:00Z	http://www.w3.org/2001/XMLSchema#dateTime	literal	1944-01-01T00:00:00Z	http://www.w3.org/2001/XMLSchema#decimal	literal	121841	en	literal	Johannes V. Jensen	en	literal	Nobel Prize in Literature	en	literal	male	en	literal	Farsø						Q159552
42	uri	http://www.wikidata.org/entity/Q37922	uri	http://www.wikidata.org/entity/Q80871	http://www.w3.org/2001/XMLSchema#dateTime	literal	1889-04-07T00:00:00Z	http://www.w3.org/2001/XMLSchema#dateTime	literal	1945-01-01T00:00:00Z	http://www.w3.org/2001/XMLSchema#decimal	literal	121333	en	literal	Gabriela Mistral	en	literal	Nobel Prize in Literature	en	literal	female	en	literal	Vicuña						Q80871
43	uri	http://www.wikidata.org/entity/Q37922	uri	http://www.wikidata.org/entity/Q25973	http://www.w3.org/2001/XMLSchema#dateTime	literal	1877-07-02T00:00:00Z	http://www.w3.org/2001/XMLSchema#dateTime	literal	1946-01-01T00:00:00Z	http://www.w3.org/2001/XMLSchema#decimal	literal	121524	en	literal	Hermann Hesse	en	literal	Nobel Prize in Literature	en	literal	male	en	literal	Calw						Q25973
44	uri	http://www.wikidata.org/entity/Q37922	uri	http://www.wikidata.org/entity/Q47484	http://www.w3.org/2001/XMLSchema#dateTime	literal	1869-11-22T00:00:00Z	http://www.w3.org/2001/XMLSchema#dateTime	literal	1947-01-01T00:00:00Z	http://www.w3.org/2001/XMLSchema#decimal	literal	146115	en	literal	André Gide	en	literal	Nobel Prize in Literature	en	literal	male	en	literal	Paris						Q47484
45	uri	http://www.wikidata.org/entity/Q37922	uri	http://www.wikidata.org/entity/Q37767	http://www.w3.org/2001/XMLSchema#dateTime	literal	1888-09-26T00:00:00Z	http://www.w3.org/2001/XMLSchema#dateTime	literal	1948-01-01T00:00:00Z	http://www.w3.org/2001/XMLSchema#decimal	literal	159773	en	literal	T. S. Eliot	en	literal	Nobel Prize in Literature	en	literal	male	en	literal	St. Louis						Q37767
46	uri	http://www.wikidata.org/entity/Q37922	uri	http://www.wikidata.org/entity/Q38392	http://www.w3.org/2001/XMLSchema#dateTime	literal	1897-09-25T00:00:00Z	http://www.w3.org/2001/XMLSchema#dateTime	literal	1949-01-01T00:00:00Z	http://www.w3.org/2001/XMLSchema#decimal	literal	156290	en	literal	William Faulkner	en	literal	Nobel Prize in Literature	en	literal	male	en	literal	New Albany						Q38392
47	uri	http://www.wikidata.org/entity/Q37922	uri	http://www.wikidata.org/entity/Q33760	http://www.w3.org/2001/XMLSchema#dateTime	literal	1872-05-18T00:00:00Z	http://www.w3.org/2001/XMLSchema#dateTime	literal	1950-01-01T00:00:00Z	http://www.w3.org/2001/XMLSchema#decimal	literal	164304	en	literal	Bertrand Russell	en	literal	Nobel Prize in Literature	en	literal	male	en	literal	Trellech						Q33760
48	uri	http://www.wikidata.org/entity/Q37922	uri	http://www.wikidata.org/entity/Q93137	http://www.w3.org/2001/XMLSchema#dateTime	literal	1891-05-23T00:00:00Z	http://www.w3.org/2001/XMLSchema#dateTime	literal	1951-01-01T00:00:00Z	http://www.w3.org/2001/XMLSchema#decimal	literal	167612	en	literal	Pär Lagerkvist	en	literal	Nobel Prize in Literature	en	literal	male	en	literal	Växjö						Q93137
49	uri	http://www.wikidata.org/entity/Q37922	uri	http://www.wikidata.org/entity/Q81685	http://www.w3.org/2001/XMLSchema#dateTime	literal	1885-10-11T00:00:00Z	http://www.w3.org/2001/XMLSchema#dateTime	literal	1952-01-01T00:00:00Z	http://www.w3.org/2001/XMLSchema#decimal	literal	171135	en	literal	François Mauriac	en	literal	Nobel Prize in Literature	en	literal	male	en	literal	Bordeaux						Q81685
50	uri	http://www.wikidata.org/entity/Q37922	uri	http://www.wikidata.org/entity/Q8016	http://www.w3.org/2001/XMLSchema#dateTime	literal	1874-11-30T00:00:00Z	http://www.w3.org/2001/XMLSchema#dateTime	literal	1953-01-01T00:00:00Z	http://www.w3.org/2001/XMLSchema#decimal	literal	175293	en	literal	Winston Churchill	en	literal	Nobel Prize in Literature	en	literal	male	en	literal	Blenheim Palace						Q8016
51	uri	http://www.wikidata.org/entity/Q37922	uri	http://www.wikidata.org/entity/Q23434	http://www.w3.org/2001/XMLSchema#dateTime	literal	1899-07-21T00:00:00Z	http://www.w3.org/2001/XMLSchema#dateTime	literal	1954-01-01T00:00:00Z	http://www.w3.org/2001/XMLSchema#decimal	literal	181647	en	literal	Ernest Hemingway	en	literal	Nobel Prize in Literature	en	literal	male	en	literal	Oak Park						Q23434
52	uri	http://www.wikidata.org/entity/Q37922	uri	http://www.wikidata.org/entity/Q80321	http://www.w3.org/2001/XMLSchema#dateTime	literal	1902-04-23T00:00:00Z	http://www.w3.org/2001/XMLSchema#dateTime	literal	1955-01-01T00:00:00Z	http://www.w3.org/2001/XMLSchema#decimal	literal	190214	en	literal	Halldór Laxness	en	literal	Nobel Prize in Literature	en	literal	male	en	literal	Reykjavík						Q80321
53	uri	http://www.wikidata.org/entity/Q37922	uri	http://www.wikidata.org/entity/Q131318	http://www.w3.org/2001/XMLSchema#dateTime	literal	1881-12-23T00:00:00Z	http://www.w3.org/2001/XMLSchema#dateTime	literal	1956-01-01T00:00:00Z	http://www.w3.org/2001/XMLSchema#decimal	literal	200123	en	literal	Juan Ramón Jiménez	en	literal	Nobel Prize in Literature	en	literal	male	en	literal	Moguer						Q131318
54	uri	http://www.wikidata.org/entity/Q37922	uri	http://www.wikidata.org/entity/Q34670	http://www.w3.org/2001/XMLSchema#dateTime	literal	1913-11-07T00:00:00Z	http://www.w3.org/2001/XMLSchema#dateTime	literal	1957-01-01T00:00:00Z	http://www.w3.org/2001/XMLSchema#decimal	literal	208629	en	literal	Albert Camus	en	literal	Nobel Prize in Literature	en	literal	male	en	literal	Dréan						Q34670
55	uri	http://www.wikidata.org/entity/Q37922	uri	http://www.wikidata.org/entity/Q41223	http://www.w3.org/2001/XMLSchema#dateTime	literal	1890-02-10T00:00:00Z	http://www.w3.org/2001/XMLSchema#dateTime	literal	1958-01-01T00:00:00Z	http://www.w3.org/2001/XMLSchema#decimal	literal	214559	en	literal	Boris Pasternak	en	literal	Nobel Prize in Literature	en	literal	male	en	literal	Moscow						Q41223
56	uri	http://www.wikidata.org/entity/Q37922	uri	http://www.wikidata.org/entity/Q83038	http://www.w3.org/2001/XMLSchema#dateTime	literal	1901-08-20T00:00:00Z	http://www.w3.org/2001/XMLSchema#dateTime	literal	1959-01-01T00:00:00Z	http://www.w3.org/2001/XMLSchema#decimal	literal	220678	en	literal	Salvatore Quasimodo	en	literal	Nobel Prize in Literature	en	literal	male	en	literal	Modica						Q83038
57	uri	http://www.wikidata.org/entity/Q37922	uri	http://www.wikidata.org/entity/Q132684	http://www.w3.org/2001/XMLSchema#dateTime	literal	1887-05-31T00:00:00Z	http://www.w3.org/2001/XMLSchema#dateTime	literal	1960-01-01T00:00:00Z	http://www.w3.org/2001/XMLSchema#decimal	literal	225987	en	literal	Saint-John Perse	en	literal	Nobel Prize in Literature	en	literal	male	en	literal	Pointe-à-Pitre						Q132684
58	uri	http://www.wikidata.org/entity/Q37922	uri	http://www.wikidata.org/entity/Q47561	http://www.w3.org/2001/XMLSchema#dateTime	literal	1892-10-10T00:00:00Z	http://www.w3.org/2001/XMLSchema#dateTime	literal	1961-01-01T00:00:00Z	http://www.w3.org/2001/XMLSchema#decimal	literal	250233	en	literal	Ivo Andrić	en	literal	Nobel Prize in Literature	en	literal	male	en	literal	Dolac						Q47561
59	uri	http://www.wikidata.org/entity/Q37922	uri	http://www.wikidata.org/entity/Q39212	http://www.w3.org/2001/XMLSchema#dateTime	literal	1902-02-27T00:00:00Z	http://www.w3.org/2001/XMLSchema#dateTime	literal	1962-01-01T00:00:00Z	http://www.w3.org/2001/XMLSchema#decimal	literal	257220	en	literal	John Steinbeck	en	literal	Nobel Prize in Literature	en	literal	male	en	literal	Salinas						Q39212
60	uri	http://www.wikidata.org/entity/Q37922	uri	http://www.wikidata.org/entity/Q165823	http://www.w3.org/2001/XMLSchema#dateTime	literal	1900-03-13T00:00:00Z	http://www.w3.org/2001/XMLSchema#dateTime	literal	1963-01-01T00:00:00Z	http://www.w3.org/2001/XMLSchema#decimal	literal	265000	en	literal	Giorgos Seferis	en	literal	Nobel Prize in Literature	en	literal	male	en	literal	Urla						Q165823
61	uri	http://www.wikidata.org/entity/Q37922	uri	http://www.wikidata.org/entity/Q9364	http://www.w3.org/2001/XMLSchema#dateTime	literal	1905-06-21T00:00:00Z	http://www.w3.org/2001/XMLSchema#dateTime	literal	1964-01-01T00:00:00Z	http://www.w3.org/2001/XMLSchema#decimal	literal	273000	en	literal	Jean-Paul Sartre	en	literal	Nobel Prize in Literature	en	literal	male	en	literal	Paris						Q9364
62	uri	http://www.wikidata.org/entity/Q37922	uri	http://www.wikidata.org/entity/Q42398	http://www.w3.org/2001/XMLSchema#dateTime	literal	1905-05-24T00:00:00Z	http://www.w3.org/2001/XMLSchema#dateTime	literal	1965-01-01T00:00:00Z	http://www.w3.org/2001/XMLSchema#decimal	literal	282000	en	literal	Mikhail Sholokhov	en	literal	Nobel Prize in Literature	en	literal	male	en	literal	Kruzhilin	uri	http://www.wikidata.org/entity/Q75840	en	literal	And Quiet Flows the Don	Q42398
63	uri	http://www.wikidata.org/entity/Q37922	uri	http://www.wikidata.org/entity/Q133042	http://www.w3.org/2001/XMLSchema#dateTime	literal	1888-07-17T00:00:00Z	http://www.w3.org/2001/XMLSchema#dateTime	literal	1966-01-01T00:00:00Z	http://www.w3.org/2001/XMLSchema#decimal	literal	150000	en	literal	Shmuel Yosef Agnon	en	literal	Nobel Prize in Literature	en	literal	male	en	literal	Buchach						Q133042
64	uri	http://www.wikidata.org/entity/Q37922	uri	http://www.wikidata.org/entity/Q57074	http://www.w3.org/2001/XMLSchema#dateTime	literal	1891-12-10T00:00:00Z	http://www.w3.org/2001/XMLSchema#dateTime	literal	1966-01-01T00:00:00Z	http://www.w3.org/2001/XMLSchema#decimal	literal	150000	en	literal	Nelly Sachs	en	literal	Nobel Prize in Literature	en	literal	female	en	literal	Berlin-Schöneberg						Q57074
65	uri	http://www.wikidata.org/entity/Q37922	uri	http://www.wikidata.org/entity/Q75603	http://www.w3.org/2001/XMLSchema#dateTime	literal	1899-10-19T00:00:00Z	http://www.w3.org/2001/XMLSchema#dateTime	literal	1967-01-01T00:00:00Z	http://www.w3.org/2001/XMLSchema#decimal	literal	320000	en	literal	Miguel Ángel Asturias Rosales	en	literal	Nobel Prize in Literature	en	literal	male	en	literal	Guatemala City						Q75603
66	uri	http://www.wikidata.org/entity/Q37922	uri	http://www.wikidata.org/entity/Q43736	http://www.w3.org/2001/XMLSchema#dateTime	literal	1899-06-11T00:00:00Z	http://www.w3.org/2001/XMLSchema#dateTime	literal	1968-01-01T00:00:00Z	http://www.w3.org/2001/XMLSchema#decimal	literal	350000	en	literal	Yasunari Kawabata	en	literal	Nobel Prize in Literature	en	literal	male	en	literal	Osaka						Q43736
67	uri	http://www.wikidata.org/entity/Q37922	uri	http://www.wikidata.org/entity/Q37327	http://www.w3.org/2001/XMLSchema#dateTime	literal	1906-04-13T00:00:00Z	http://www.w3.org/2001/XMLSchema#dateTime	literal	1969-01-01T00:00:00Z	http://www.w3.org/2001/XMLSchema#decimal	literal	375000	en	literal	Samuel Beckett	en	literal	Nobel Prize in Literature	en	literal	male	en	literal	Foxrock						Q37327
68	uri	http://www.wikidata.org/entity/Q37922	uri	http://www.wikidata.org/entity/Q34474	http://www.w3.org/2001/XMLSchema#dateTime	literal	1918-12-11T00:00:00Z	http://www.w3.org/2001/XMLSchema#dateTime	literal	1970-01-01T00:00:00Z	http://www.w3.org/2001/XMLSchema#decimal	literal	400000	en	literal	Aleksandr Solzhenitsyn	en	literal	Nobel Prize in Literature	en	literal	male	en	literal	Kislovodsk						Q34474
69	uri	http://www.wikidata.org/entity/Q37922	uri	http://www.wikidata.org/entity/Q34189	http://www.w3.org/2001/XMLSchema#dateTime	literal	1904-07-12T00:00:00Z	http://www.w3.org/2001/XMLSchema#dateTime	literal	1971-01-01T00:00:00Z	http://www.w3.org/2001/XMLSchema#decimal	literal	450000	en	literal	Pablo Neruda	en	literal	Nobel Prize in Literature	en	literal	male	en	literal	Parral						Q34189
70	uri	http://www.wikidata.org/entity/Q37922	uri	http://www.wikidata.org/entity/Q42747	http://www.w3.org/2001/XMLSchema#dateTime	literal	1917-12-21T00:00:00Z	http://www.w3.org/2001/XMLSchema#dateTime	literal	1972-01-01T00:00:00Z	http://www.w3.org/2001/XMLSchema#decimal	literal	480000	en	literal	Heinrich Böll	en	literal	Nobel Prize in Literature	en	literal	male	en	literal	Cologne						Q42747
71	uri	http://www.wikidata.org/entity/Q37922	uri	http://www.wikidata.org/entity/Q129187	http://www.w3.org/2001/XMLSchema#dateTime	literal	1912-05-28T00:00:00Z	http://www.w3.org/2001/XMLSchema#dateTime	literal	1973-01-01T00:00:00Z	http://www.w3.org/2001/XMLSchema#decimal	literal	510000	en	literal	Patrick White	en	literal	Nobel Prize in Literature	en	literal	male	en	literal	London						Q129187
72	uri	http://www.wikidata.org/entity/Q37922	uri	http://www.wikidata.org/entity/Q131326	http://www.w3.org/2001/XMLSchema#dateTime	literal	1900-07-29T00:00:00Z	http://www.w3.org/2001/XMLSchema#dateTime	literal	1974-01-01T00:00:00Z	http://www.w3.org/2001/XMLSchema#decimal	literal	275000	en	literal	Eyvind Johnson	en	literal	Nobel Prize in Literature	en	literal	male	en	literal	Boden						Q131326
73	uri	http://www.wikidata.org/entity/Q37922	uri	http://www.wikidata.org/entity/Q132695	http://www.w3.org/2001/XMLSchema#dateTime	literal	1904-05-06T00:00:00Z	http://www.w3.org/2001/XMLSchema#dateTime	literal	1974-01-01T00:00:00Z	http://www.w3.org/2001/XMLSchema#decimal	literal	275000	en	literal	Harry Martinson	en	literal	Nobel Prize in Literature	en	literal	male		literal	Q10541678						Q132695
74	uri	http://www.wikidata.org/entity/Q37922	uri	http://www.wikidata.org/entity/Q83174	http://www.w3.org/2001/XMLSchema#dateTime	literal	1896-10-12T00:00:00Z	http://www.w3.org/2001/XMLSchema#dateTime	literal	1975-01-01T00:00:00Z	http://www.w3.org/2001/XMLSchema#decimal	literal	630000	en	literal	Eugenio Montale	en	literal	Nobel Prize in Literature	en	literal	male	en	literal	Genoa						Q83174
75	uri	http://www.wikidata.org/entity/Q37922	uri	http://www.wikidata.org/entity/Q83059	http://www.w3.org/2001/XMLSchema#dateTime	literal	1915-06-10T00:00:00Z	http://www.w3.org/2001/XMLSchema#dateTime	literal	1976-01-01T00:00:00Z	http://www.w3.org/2001/XMLSchema#decimal	literal	681000	en	literal	Saul Bellow	en	literal	Nobel Prize in Literature	en	literal	male	en	literal	Lachine						Q83059
76	uri	http://www.wikidata.org/entity/Q37922	uri	http://www.wikidata.org/entity/Q134644	http://www.w3.org/2001/XMLSchema#dateTime	literal	1898-04-26T00:00:00Z	http://www.w3.org/2001/XMLSchema#dateTime	literal	1977-01-01T00:00:00Z	http://www.w3.org/2001/XMLSchema#decimal	literal	700000	en	literal	Vicente Aleixandre	en	literal	Nobel Prize in Literature	en	literal	male	en	literal	Seville						Q134644
77	uri	http://www.wikidata.org/entity/Q37922	uri	http://www.wikidata.org/entity/Q75612	http://www.w3.org/2001/XMLSchema#dateTime	literal	1902-11-21T00:00:00Z	http://www.w3.org/2001/XMLSchema#dateTime	literal	1978-01-01T00:00:00Z	http://www.w3.org/2001/XMLSchema#decimal	literal	725000	en	literal	Isaac Bashevis Singer	en	literal	Nobel Prize in Literature	en	literal	male	en	literal	Leoncin						Q75612
78	uri	http://www.wikidata.org/entity/Q37922	uri	http://www.wikidata.org/entity/Q75612	http://www.w3.org/2001/XMLSchema#dateTime	literal	1904-07-14T00:00:00Z	http://www.w3.org/2001/XMLSchema#dateTime	literal	1978-01-01T00:00:00Z	http://www.w3.org/2001/XMLSchema#decimal	literal	725000	en	literal	Isaac Bashevis Singer	en	literal	Nobel Prize in Literature	en	literal	male	en	literal	Leoncin						Q75612
79	uri	http://www.wikidata.org/entity/Q37922	uri	http://www.wikidata.org/entity/Q160478	http://www.w3.org/2001/XMLSchema#dateTime	literal	1911-11-02T00:00:00Z	http://www.w3.org/2001/XMLSchema#dateTime	literal	1979-01-01T00:00:00Z	http://www.w3.org/2001/XMLSchema#decimal	literal	800000	en	literal	Odysseas Elytis	en	literal	Nobel Prize in Literature	en	literal	male	en	literal	Heraklion						Q160478
80	uri	http://www.wikidata.org/entity/Q37922	uri	http://www.wikidata.org/entity/Q45970	http://www.w3.org/2001/XMLSchema#dateTime	literal	1911-06-30T00:00:00Z	http://www.w3.org/2001/XMLSchema#dateTime	literal	1980-01-01T00:00:00Z	http://www.w3.org/2001/XMLSchema#decimal	literal	880000	en	literal	Czesław Miłosz	en	literal	Nobel Prize in Literature	en	literal	male	en	literal	Šeteniai						Q45970
81	uri	http://www.wikidata.org/entity/Q37922	uri	http://www.wikidata.org/entity/Q80064	http://www.w3.org/2001/XMLSchema#dateTime	literal	1905-07-25T00:00:00Z	http://www.w3.org/2001/XMLSchema#dateTime	literal	1981-01-01T00:00:00Z	http://www.w3.org/2001/XMLSchema#decimal	literal	1000000	en	literal	Elias Canetti	en	literal	Nobel Prize in Literature	en	literal	male	en	literal	Ruse						Q80064
82	uri	http://www.wikidata.org/entity/Q37922	uri	http://www.wikidata.org/entity/Q5878	http://www.w3.org/2001/XMLSchema#dateTime	literal	1927-03-06T00:00:00Z	http://www.w3.org/2001/XMLSchema#dateTime	literal	1982-01-01T00:00:00Z	http://www.w3.org/2001/XMLSchema#decimal	literal	1150000	en	literal	Gabriel García Márquez	en	literal	Nobel Prize in Literature	en	literal	male	en	literal	Aracataca						Q5878
83	uri	http://www.wikidata.org/entity/Q37922	uri	http://www.wikidata.org/entity/Q44183	http://www.w3.org/2001/XMLSchema#dateTime	literal	1911-09-19T00:00:00Z	http://www.w3.org/2001/XMLSchema#dateTime	literal	1983-01-01T00:00:00Z	http://www.w3.org/2001/XMLSchema#decimal	literal	1500000	en	literal	William Golding	en	literal	Nobel Prize in Literature	en	literal	male	en	literal	Newquay						Q44183
84	uri	http://www.wikidata.org/entity/Q37922	uri	http://www.wikidata.org/entity/Q102483	http://www.w3.org/2001/XMLSchema#dateTime	literal	1901-09-23T00:00:00Z	http://www.w3.org/2001/XMLSchema#dateTime	literal	1984-01-01T00:00:00Z	http://www.w3.org/2001/XMLSchema#decimal	literal	1650000	en	literal	Jaroslav Seifert	en	literal	Nobel Prize in Literature	en	literal	male	en	literal	Prague						Q102483
85	uri	http://www.wikidata.org/entity/Q37922	uri	http://www.wikidata.org/entity/Q102483	http://www.w3.org/2001/XMLSchema#dateTime	literal	1901-09-23T00:00:00Z	http://www.w3.org/2001/XMLSchema#dateTime	literal	1984-01-01T00:00:00Z	http://www.w3.org/2001/XMLSchema#decimal	literal	1650000	en	literal	Jaroslav Seifert	en	literal	Nobel Prize in Literature	en	literal	male	en	literal	Žižkov						Q102483
86	uri	http://www.wikidata.org/entity/Q37922	uri	http://www.wikidata.org/entity/Q131549	http://www.w3.org/2001/XMLSchema#dateTime	literal	1913-10-10T00:00:00Z	http://www.w3.org/2001/XMLSchema#dateTime	literal	1985-01-01T00:00:00Z	http://www.w3.org/2001/XMLSchema#decimal	literal	1800000	en	literal	Claude Simon	en	literal	Nobel Prize in Literature	en	literal	male	en	literal	Antananarivo						Q131549
87	uri	http://www.wikidata.org/entity/Q37922	uri	http://www.wikidata.org/entity/Q41488	http://www.w3.org/2001/XMLSchema#dateTime	literal	1934-07-13T00:00:00Z	http://www.w3.org/2001/XMLSchema#dateTime	literal	1986-01-01T00:00:00Z	http://www.w3.org/2001/XMLSchema#decimal	literal	2000000	en	literal	Wole Soyinka	en	literal	Nobel Prize in Literature	en	literal	male	en	literal	Abeokuta						Q41488
88	uri	http://www.wikidata.org/entity/Q37922	uri	http://www.wikidata.org/entity/Q862	http://www.w3.org/2001/XMLSchema#dateTime	literal	1940-05-24T00:00:00Z	http://www.w3.org/2001/XMLSchema#dateTime	literal	1987-01-01T00:00:00Z	http://www.w3.org/2001/XMLSchema#decimal	literal	2175000	en	literal	Joseph Brodsky	en	literal	Nobel Prize in Literature	en	literal	male	en	literal	Saint Petersburg						Q862
89	uri	http://www.wikidata.org/entity/Q37922	uri	http://www.wikidata.org/entity/Q7176	http://www.w3.org/2001/XMLSchema#dateTime	literal	1911-12-11T00:00:00Z	http://www.w3.org/2001/XMLSchema#dateTime	literal	1988-01-01T00:00:00Z	http://www.w3.org/2001/XMLSchema#decimal	literal	2500000	en	literal	Najib Mahfouz	en	literal	Nobel Prize in Literature	en	literal	male	en	literal	Cairo						Q7176
90	uri	http://www.wikidata.org/entity/Q37922	uri	http://www.wikidata.org/entity/Q132589	http://www.w3.org/2001/XMLSchema#dateTime	literal	1916-05-11T00:00:00Z	http://www.w3.org/2001/XMLSchema#dateTime	literal	1989-01-01T00:00:00Z	http://www.w3.org/2001/XMLSchema#decimal	literal	3000000	en	literal	Camilo José Cela	en	literal	Nobel Prize in Literature	en	literal	male	en	literal	Iria Flavia						Q132589
91	uri	http://www.wikidata.org/entity/Q37922	uri	http://www.wikidata.org/entity/Q46739	http://www.w3.org/2001/XMLSchema#dateTime	literal	1914-03-31T00:00:00Z	http://www.w3.org/2001/XMLSchema#dateTime	literal	1990-01-01T00:00:00Z	http://www.w3.org/2001/XMLSchema#decimal	literal	4000000	en	literal	Octavio Paz	en	literal	Nobel Prize in Literature	en	literal	male	en	literal	Mexico City						Q46739
92	uri	http://www.wikidata.org/entity/Q37922	uri	http://www.wikidata.org/entity/Q47619	http://www.w3.org/2001/XMLSchema#dateTime	literal	1923-11-20T00:00:00Z	http://www.w3.org/2001/XMLSchema#dateTime	literal	1991-01-01T00:00:00Z	http://www.w3.org/2001/XMLSchema#decimal	literal	6000000	en	literal	Nadine Gordimer	en	literal	Nobel Prize in Literature	en	literal	female	en	literal	Springs						Q47619
93	uri	http://www.wikidata.org/entity/Q37922	uri	http://www.wikidata.org/entity/Q132701	http://www.w3.org/2001/XMLSchema#dateTime	literal	1930-01-23T00:00:00Z	http://www.w3.org/2001/XMLSchema#dateTime	literal	1992-01-01T00:00:00Z	http://www.w3.org/2001/XMLSchema#decimal	literal	6500000	en	literal	Derek Walcott	en	literal	Nobel Prize in Literature	en	literal	male	en	literal	Castries						Q132701
94	uri	http://www.wikidata.org/entity/Q37922	uri	http://www.wikidata.org/entity/Q72334	http://www.w3.org/2001/XMLSchema#dateTime	literal	1931-02-18T00:00:00Z	http://www.w3.org/2001/XMLSchema#dateTime	literal	1993-01-01T00:00:00Z	http://www.w3.org/2001/XMLSchema#decimal	literal	6700000	en	literal	Toni Morrison	en	literal	Nobel Prize in Literature	en	literal	female	en	literal	Lorain						Q72334
95	uri	http://www.wikidata.org/entity/Q37922	uri	http://www.wikidata.org/entity/Q80095	http://www.w3.org/2001/XMLSchema#dateTime	literal	1935-01-31T00:00:00Z	http://www.w3.org/2001/XMLSchema#dateTime	literal	1994-01-01T00:00:00Z	http://www.w3.org/2001/XMLSchema#decimal	literal	7000000	en	literal	Kenzaburō Ōe	en	literal	Nobel Prize in Literature	en	literal	male	en	literal	Ōse						Q80095
96	uri	http://www.wikidata.org/entity/Q37922	uri	http://www.wikidata.org/entity/Q93356	http://www.w3.org/2001/XMLSchema#dateTime	literal	1939-04-13T00:00:00Z	http://www.w3.org/2001/XMLSchema#dateTime	literal	1995-01-01T00:00:00Z	http://www.w3.org/2001/XMLSchema#decimal	literal	7200000	en	literal	Seamus Heaney	en	literal	Nobel Prize in Literature	en	literal	male	en	literal	Castledawson						Q93356
97	uri	http://www.wikidata.org/entity/Q37922	uri	http://www.wikidata.org/entity/Q42552	http://www.w3.org/2001/XMLSchema#dateTime	literal	1923-07-02T00:00:00Z	http://www.w3.org/2001/XMLSchema#dateTime	literal	1996-01-01T00:00:00Z	http://www.w3.org/2001/XMLSchema#decimal	literal	7400000	en	literal	Wisława Szymborska	en	literal	Nobel Prize in Literature	en	literal	female	en	literal	Kórnik						Q42552
98	uri	http://www.wikidata.org/entity/Q37922	uri	http://www.wikidata.org/entity/Q765	http://www.w3.org/2001/XMLSchema#dateTime	literal	1926-03-24T00:00:00Z	http://www.w3.org/2001/XMLSchema#dateTime	literal	1997-01-01T00:00:00Z	http://www.w3.org/2001/XMLSchema#decimal	literal	7500000	en	literal	Dario Fo	en	literal	Nobel Prize in Literature	en	literal	male	en	literal	Sangiano						Q765
99	uri	http://www.wikidata.org/entity/Q37922	uri	http://www.wikidata.org/entity/Q37060	http://www.w3.org/2001/XMLSchema#dateTime	literal	1922-11-16T00:00:00Z	http://www.w3.org/2001/XMLSchema#dateTime	literal	1998-01-01T00:00:00Z	http://www.w3.org/2001/XMLSchema#decimal	literal	7600000	en	literal	José Saramago	en	literal	Nobel Prize in Literature	en	literal	male	en	literal	Azinhaga						Q37060
100	uri	http://www.wikidata.org/entity/Q37922	uri	http://www.wikidata.org/entity/Q37060	http://www.w3.org/2001/XMLSchema#dateTime	literal	1922-11-16T00:00:00Z	http://www.w3.org/2001/XMLSchema#dateTime	literal	1998-01-01T00:00:00Z	http://www.w3.org/2001/XMLSchema#decimal	literal	7600000	en	literal	José Saramago	en	literal	Nobel Prize in Literature	en	literal	male	en	literal	Golegã						Q37060
101	uri	http://www.wikidata.org/entity/Q37922	uri	http://www.wikidata.org/entity/Q6538	http://www.w3.org/2001/XMLSchema#dateTime	literal	1927-10-16T00:00:00Z	http://www.w3.org/2001/XMLSchema#dateTime	literal	1999-01-01T00:00:00Z	http://www.w3.org/2001/XMLSchema#decimal	literal	7900000	en	literal	Günter Grass	en	literal	Nobel Prize in Literature	en	literal	male	en	literal	Free City of Danzig						Q6538
102	uri	http://www.wikidata.org/entity/Q37922	uri	http://www.wikidata.org/entity/Q18143	http://www.w3.org/2001/XMLSchema#dateTime	literal	1940-01-04T00:00:00Z	http://www.w3.org/2001/XMLSchema#dateTime	literal	2000-01-01T00:00:00Z	http://www.w3.org/2001/XMLSchema#decimal	literal	9000000	en	literal	Gao Xingjian	en	literal	Nobel Prize in Literature	en	literal	male	en	literal	Ganxian District						Q18143
103	uri	http://www.wikidata.org/entity/Q37922	uri	http://www.wikidata.org/entity/Q44593	http://www.w3.org/2001/XMLSchema#dateTime	literal	1932-08-17T00:00:00Z	http://www.w3.org/2001/XMLSchema#dateTime	literal	2001-01-01T00:00:00Z	http://www.w3.org/2001/XMLSchema#decimal	literal	10000000	en	literal	V. S. Naipaul	en	literal	Nobel Prize in Literature	en	literal	male	en	literal	Chaguanas						Q44593
104	uri	http://www.wikidata.org/entity/Q37922	uri	http://www.wikidata.org/entity/Q47755	http://www.w3.org/2001/XMLSchema#dateTime	literal	1929-11-09T00:00:00Z	http://www.w3.org/2001/XMLSchema#dateTime	literal	2002-01-01T00:00:00Z	http://www.w3.org/2001/XMLSchema#decimal	literal	10000000	en	literal	Imre Kertész	en	literal	Nobel Prize in Literature	en	literal	male	en	literal	Budapest						Q47755
105	uri	http://www.wikidata.org/entity/Q37922	uri	http://www.wikidata.org/entity/Q43293	http://www.w3.org/2001/XMLSchema#dateTime	literal	1940-02-09T00:00:00Z	http://www.w3.org/2001/XMLSchema#dateTime	literal	2003-01-01T00:00:00Z	http://www.w3.org/2001/XMLSchema#decimal	literal	10000000	en	literal	J. M. Coetzee	en	literal	Nobel Prize in Literature	en	literal	male	en	literal	Cape Town						Q43293
106	uri	http://www.wikidata.org/entity/Q37922	uri	http://www.wikidata.org/entity/Q47243	http://www.w3.org/2001/XMLSchema#dateTime	literal	1946-10-20T00:00:00Z	http://www.w3.org/2001/XMLSchema#dateTime	literal	2004-01-01T00:00:00Z	http://www.w3.org/2001/XMLSchema#decimal	literal	10000000	en	literal	Elfriede Jelinek	en	literal	Nobel Prize in Literature	en	literal	female	en	literal	Mürzzuschlag						Q47243
107	uri	http://www.wikidata.org/entity/Q37922	uri	http://www.wikidata.org/entity/Q41042	http://www.w3.org/2001/XMLSchema#dateTime	literal	1930-10-10T00:00:00Z	http://www.w3.org/2001/XMLSchema#dateTime	literal	2005-01-01T00:00:00Z	http://www.w3.org/2001/XMLSchema#decimal	literal	10000000	en	literal	Harold Pinter	en	literal	Nobel Prize in Literature	en	literal	male	en	literal	London						Q41042
108	uri	http://www.wikidata.org/entity/Q37922	uri	http://www.wikidata.org/entity/Q241248	http://www.w3.org/2001/XMLSchema#dateTime	literal	1952-06-07T00:00:00Z	http://www.w3.org/2001/XMLSchema#dateTime	literal	2006-01-01T00:00:00Z	http://www.w3.org/2001/XMLSchema#decimal	literal	10000000	en	literal	Orhan Pamuk	en	literal	Nobel Prize in Literature	en	literal	male	en	literal	Istanbul						Q241248
109	uri	http://www.wikidata.org/entity/Q37922	uri	http://www.wikidata.org/entity/Q40874	http://www.w3.org/2001/XMLSchema#dateTime	literal	1919-10-22T00:00:00Z	http://www.w3.org/2001/XMLSchema#dateTime	literal	2007-01-01T00:00:00Z	http://www.w3.org/2001/XMLSchema#decimal	literal	10000000	en	literal	Doris Lessing	en	literal	Nobel Prize in Literature	en	literal	female	en	literal	Kermanshah						Q40874
110	uri	http://www.wikidata.org/entity/Q37922	uri	http://www.wikidata.org/entity/Q42037	http://www.w3.org/2001/XMLSchema#dateTime	literal	1940-04-13T00:00:00Z	http://www.w3.org/2001/XMLSchema#dateTime	literal	2008-01-01T00:00:00Z	http://www.w3.org/2001/XMLSchema#decimal	literal	10000000	en	literal	Jean-Marie Gustave Le Clézio	en	literal	Nobel Prize in Literature	en	literal	male	en	literal	Nice						Q42037
111	uri	http://www.wikidata.org/entity/Q37922	uri	http://www.wikidata.org/entity/Q38049	http://www.w3.org/2001/XMLSchema#dateTime	literal	1953-08-17T00:00:00Z	http://www.w3.org/2001/XMLSchema#dateTime	literal	2009-01-01T00:00:00Z	http://www.w3.org/2001/XMLSchema#decimal	literal	10000000	en	literal	Herta Müller	en	literal	Nobel Prize in Literature	en	literal	female	en	literal	Nițchidorf						Q38049
112	uri	http://www.wikidata.org/entity/Q37922	uri	http://www.wikidata.org/entity/Q39803	http://www.w3.org/2001/XMLSchema#dateTime	literal	1936-03-28T00:00:00Z	http://www.w3.org/2001/XMLSchema#dateTime	literal	2010-01-01T00:00:00Z	http://www.w3.org/2001/XMLSchema#decimal	literal	10000000	en	literal	Mario Vargas Llosa	en	literal	Nobel Prize in Literature	en	literal	male	en	literal	Arequipa						Q39803
113	uri	http://www.wikidata.org/entity/Q37922	uri	http://www.wikidata.org/entity/Q42122	http://www.w3.org/2001/XMLSchema#dateTime	literal	1931-04-15T00:00:00Z	http://www.w3.org/2001/XMLSchema#dateTime	literal	2011-01-01T00:00:00Z	http://www.w3.org/2001/XMLSchema#decimal	literal	10000000	en	literal	Tomas Tranströmer	en	literal	Nobel Prize in Literature	en	literal	male	en	literal	Stockholm						Q42122
114	uri	http://www.wikidata.org/entity/Q37922	uri	http://www.wikidata.org/entity/Q8998	http://www.w3.org/2001/XMLSchema#dateTime	literal	1955-02-17T00:00:00Z	http://www.w3.org/2001/XMLSchema#dateTime	literal	2012-01-01T00:00:00Z	http://www.w3.org/2001/XMLSchema#decimal	literal	8000000	en	literal	Mo Yan	en	literal	Nobel Prize in Literature	en	literal	male	en	literal	Gaomi						Q8998
115	uri	http://www.wikidata.org/entity/Q37922	uri	http://www.wikidata.org/entity/Q234819	http://www.w3.org/2001/XMLSchema#dateTime	literal	1931-07-10T00:00:00Z	http://www.w3.org/2001/XMLSchema#dateTime	literal	2013-01-01T00:00:00Z	http://www.w3.org/2001/XMLSchema#decimal	literal	8000000	en	literal	Alice Munro	en	literal	Nobel Prize in Literature	en	literal	female	en	literal	Wingham						Q234819
116	uri	http://www.wikidata.org/entity/Q37922	uri	http://www.wikidata.org/entity/Q222944	http://www.w3.org/2001/XMLSchema#dateTime	literal	1945-07-30T00:00:00Z	http://www.w3.org/2001/XMLSchema#dateTime	literal	2014-01-01T00:00:00Z	http://www.w3.org/2001/XMLSchema#decimal	literal	8000000	en	literal	Patrick Modiano	en	literal	Nobel Prize in Literature	en	literal	male	en	literal	Boulogne-Billancourt						Q222944
117	uri	http://www.wikidata.org/entity/Q37922	uri	http://www.wikidata.org/entity/Q274334	http://www.w3.org/2001/XMLSchema#dateTime	literal	1948-05-31T00:00:00Z	http://www.w3.org/2001/XMLSchema#dateTime	literal	2015-01-01T00:00:00Z	http://www.w3.org/2001/XMLSchema#decimal	literal	8000000	en	literal	Svetlana Aleksievich	en	literal	Nobel Prize in Literature	en	literal	female	en	literal	Ivano-Frankivsk						Q274334
118	uri	http://www.wikidata.org/entity/Q37922	uri	http://www.wikidata.org/entity/Q392	http://www.w3.org/2001/XMLSchema#dateTime	literal	1941-05-24T00:00:00Z	http://www.w3.org/2001/XMLSchema#dateTime	literal	2016-01-01T00:00:00Z	http://www.w3.org/2001/XMLSchema#decimal	literal	8000000	en	literal	Bob Dylan	en	literal	Nobel Prize in Literature	en	literal	male	en	literal	Duluth						Q392
119	uri	http://www.wikidata.org/entity/Q37922	uri	http://www.wikidata.org/entity/Q272855	http://www.w3.org/2001/XMLSchema#dateTime	literal	1954-11-08T00:00:00Z	http://www.w3.org/2001/XMLSchema#dateTime	literal	2017-01-01T00:00:00Z				en	literal	Kazuo Ishiguro	en	literal	Nobel Prize in Literature	en	literal	male	en	literal	Nagasaki						Q272855
120	uri	http://www.wikidata.org/entity/Q37922	uri	http://www.wikidata.org/entity/Q254032	http://www.w3.org/2001/XMLSchema#dateTime	literal	1962-01-29T00:00:00Z	http://www.w3.org/2001/XMLSchema#dateTime	literal	2018-01-01T00:00:00Z	http://www.w3.org/2001/XMLSchema#decimal	literal	9000000	en	literal	Olga Tokarczuk	en	literal	Nobel Prize in Literature	en	literal	female	en	literal	Sulechów						Q254032
121	uri	http://www.wikidata.org/entity/Q37922	uri	http://www.wikidata.org/entity/Q44107	http://www.w3.org/2001/XMLSchema#dateTime	literal	1942-12-06T00:00:00Z	http://www.w3.org/2001/XMLSchema#dateTime	literal	2019-01-01T00:00:00Z	http://www.w3.org/2001/XMLSchema#decimal	literal	9000000	en	literal	Peter Handke	en	literal	Nobel Prize in Literature	en	literal	male	en	literal	Griffen						Q44107
122	uri	http://www.wikidata.org/entity/Q37922	uri	http://www.wikidata.org/entity/Q2344210	http://www.w3.org/2001/XMLSchema#dateTime	literal	1943-04-22T00:00:00Z	http://www.w3.org/2001/XMLSchema#dateTime	literal	2020-01-01T00:00:00Z				en	literal	Louise Glück	en	literal	Nobel Prize in Literature	en	literal	female	en	literal	New York City						Q2344210
123	uri	http://www.wikidata.org/entity/Q37922	uri	http://www.wikidata.org/entity/Q317877				http://www.w3.org/2001/XMLSchema#dateTime	literal	2021-01-01T00:00:00Z	http://www.w3.org/2001/XMLSchema#decimal	literal	10000000	en	literal	Pungkula solav	en	literal	Nobel Prize in Literature	en	literal	male	en	literal	Zanzibar						Q317877
